,FSCS,Location,Library Class,Total Population Served,Number of Print Materials,Audio (Physical Units),Video (Physical Units),Subscriptions (Non-electronic),Total Electronic Collections,Electronic Books (E-Books),Audio (Downloadable Units),Video (Downloadable Units),Total eContent,Total Collection (Physical / Electronic Units),eMaterials Per Capita,Physical Materials Per Capita (subcriptions not included),Total Materials Per Capita
0,MI0147,Alden District Library,"Class 1: Serve 3,999 or less",1285.0,12328.0,966.0,1600.0,36.0,2.0,24965,38552,13137,76654,91548,59.652918287937744,11.590661478599221,71.24357976653697
1,MI9010,Ashley District Library,"Class 1: Serve 3,999 or less",3248.0,10867.0,55.0,428.0,25.0,2.0,16410,4256,0,20666,32016,6.362684729064039,3.4944581280788176,9.857142857142858
2,MI0023,Beaver Island District Library,"Class 1: Serve 3,999 or less",657.0,14231.0,446.0,1973.0,20.0,0.0,26650,5487,137,32274,48924,49.12328767123287,25.34246575342466,74.46575342465754
3,MI0024,Bellaire Public Library,"Class 1: Serve 3,999 or less",3769.0,25172.0,1224.0,1691.0,50.0,1.0,24965,12544,0,37509,65646,9.951976651631732,7.45210931281507,17.417352082780578
4,MI0025,Bellevue Township Library,"Class 1: Serve 3,999 or less",3150.0,15689.0,295.0,97.0,1.0,0.0,14002,3133,0,17135,33216,5.43968253968254,5.105079365079365,10.544761904761904
5,MI0114,Benzie Shores District Library,"Class 1: Serve 3,999 or less",3811.0,25606.0,418.0,2277.0,51.0,1.0,25915,5600,337,31852,60153,8.35791130936762,7.426134872736815,15.784046182104435
6,MI0029,Benzonia Public Library,"Class 1: Serve 3,999 or less",3623.0,14236.0,459.0,1586.0,11.0,0.0,24965,41650,137,66752,83033,18.424510074523877,4.493789677063207,22.91829975158708
7,MI0033,Betsie Valley District Library,"Class 1: Serve 3,999 or less",2937.0,6006.0,366.0,808.0,12.0,0.0,25306,40794,137,66237,73429,22.552604698672113,2.444671433435478,25.001361933946203
8,MI0048,Burr Oak Township Library,"Class 1: Serve 3,999 or less",2611.0,17237.0,300.0,400.0,19.0,0.0,0,0,0,0,17937,0,6.869781692837993,6.869781692837993
9,MI0053,Carp Lake Township Library,"Class 1: Serve 3,999 or less",722.0,12838.0,101.0,907.0,10.0,0.0,8362,4151,285,12798,26644,17.725761772853186,19.177285318559555,36.903047091412745
10,MI0058,Central Lake District Library,"Class 1: Serve 3,999 or less",3995.0,21531.0,1471.0,1407.0,23.0,0.0,21426,3602,134,25162,49594,6.29837296620776,6.109887359198999,12.414017521902379
11,MI0062,Chase Township Public Library,"Class 1: Serve 3,999 or less",1854.0,34747.0,373.0,875.0,7.0,0.0,0,0,0,0,35995,0,19.41477885652643,19.41477885652643
12,MI0065,Clinton Township Public Library,"Class 1: Serve 3,999 or less",3604.0,33058.0,1677.0,3050.0,39.0,3.0,19445,4253,0,23698,61483,6.5754716981132075,10.48418423973363,17.059655937846838
13,MI0068,Colon Township Library,"Class 1: Serve 3,999 or less",3803.0,22795.0,1111.0,1442.0,6.0,0.0,*,*,*,*,UTD,UTD,6.665264265053905,UTD
14,MI0069,Columbia Township Library,"Class 1: Serve 3,999 or less",2373.0,14532.0,263.0,2118.0,9.0,1.0,20745,4604,0,25349,42262,10.682258744205647,7.127265065318163,17.80952380952381
15,MI0076,Crooked Tree District Library,"Class 1: Serve 3,999 or less",3953.0,17335.0,943.0,1762.0,19.0,1.0,*,*,*,*,UTD,UTD,5.06956741715153,UTD
16,MI0429,Croton Township Library,"Class 1: Serve 3,999 or less",3228.0,12119.0,516.0,1678.0,29.0,0.0,8506,3464,0,11970,26283,3.70817843866171,4.434014869888476,8.142193308550185
17,MI0077,Crystal Falls District Community Library,"Class 1: Serve 3,999 or less",3453.0,12961.0,1939.0,3344.0,97.0,1.0,8064,3968,285,12317,30561,3.56704315088329,5.283521575441645,8.850564726324935
18,MI0417,Curtis Township Library,"Class 1: Serve 3,999 or less",1236.0,11666.0,347.0,1801.0,1.0,0.0,8064,3968,285,12317,26131,9.965210355987056,11.176375404530745,21.1415857605178
19,MI0034,Darcy Library of Beulah,"Class 1: Serve 3,999 or less",3179.0,11291.0,880.0,3497.0,18.0,0.0,21108,3476,134,24718,40386,7.775401069518717,4.928593897452029,12.703994966970745
20,MI0099,Elk Township Library,"Class 1: Serve 3,999 or less",2769.0,17315.0,160.0,120.0,23.0,0.0,0,0,0,0,17595,0,6.354279523293608,6.354279523293608
21,MI0100,Elsie Public Library,"Class 1: Serve 3,999 or less",3738.0,25251.0,35.0,2557.0,67.0,0.0,0,0,0,0,27843,0,7.448635634028893,7.448635634028893
22,MI0103,Fairgrove District Library,"Class 1: Serve 3,999 or less",3112.0,22213.0,0.0,4044.0,5.0,0.0,20745,4604,0,25349,51606,8.145565552699228,8.437339331619537,16.582904884318765
23,MI0109,Fife Lake Public Library,"Class 1: Serve 3,999 or less",2791.0,16822.0,421.0,2276.0,23.0,0.0,0,0,0,0,19519,0,6.99355069867431,6.99355069867431
24,MI0115,Franklin Public Library,"Class 1: Serve 3,999 or less",3150.0,14886.0,642.0,1678.0,47.0,0.0,43686,19883,852,64421,81674,20.45111111111111,5.4622222222222225,25.92825396825397
25,MI0120,Galien Township Public Library,"Class 1: Serve 3,999 or less",3043.0,37830.0,773.0,2121.0,31.0,1.0,17684,4171,291,22146,62870,7.27768649359185,13.382845875780479,20.66053236937233
26,MI0376,George W. Spindler Memorial Library,"Class 1: Serve 3,999 or less",2047.0,11921.0,152.0,704.0,2.0,0.0,0,0,0,0,12777,0,6.24181729360039,6.24181729360039
27,MI0128,Glen Lake Community Library,"Class 1: Serve 3,999 or less",3650.0,20142.0,3673.0,4816.0,50.0,5.0,24373,4338,24204,52915,81546,14.497260273972604,7.8441095890410955,22.3413698630137
28,MI0436,Goodland Township Library,"Class 1: Serve 3,999 or less",1828.0,6693.0,62.0,723.0,2.0,1.0,1,0,0,1,7481,0.0005470459518599562,4.090809628008753,4.092450765864332
29,MI0155,Homer Public Library,"Class 1: Serve 3,999 or less",3926.0,30834.0,944.0,863.0,25.0,1.0,16830,0,0,16830,49471,4.2868059093224655,8.314060112073356,12.600866021395822
30,MI0167,Indian River Area Library,"Class 1: Serve 3,999 or less",3038.0,30178.0,1046.0,2345.0,52.0,0.0,25412,4832,137,30381,63950,10.000329163923634,11.04970375246873,21.050032916392365
31,MI0187,Lake Linden-Hubbell School/Public Library,"Class 1: Serve 3,999 or less",3730.0,15725.0,42.0,174.0,25.0,0.0,8543,3883,285,12711,28652,3.407774798927614,4.27372654155496,7.681501340482574
32,MI0191,Lawrence Memorial Public Library,"Class 1: Serve 3,999 or less",2735.0,13815.0,644.0,2222.0,12.0,0.0,0,0,0,0,16681,0,6.09908592321755,6.09908592321755
33,MI0192,Lawton Public Library,"Class 1: Serve 3,999 or less",1900.0,26418.0,273.0,1586.0,28.0,0.0,9852,3054,291,13197,41474,6.9457894736842105,14.882631578947368,21.82842105263158
34,MI0193,Leelanau Township Library,"Class 1: Serve 3,999 or less",2027.0,16179.0,2111.0,2828.0,67.0,2.0,21648,36624,0,58272,79390,28.747903305377406,10.418352244696596,39.166255550074
35,MI0197,LeRoy Community Library,"Class 1: Serve 3,999 or less",2835.0,18509.0,57.0,177.0,37.0,25.0,26,8450,0,8476,27219,2.9897707231040562,6.611287477954145,9.601058201058201
36,MI0199,Litchfield District Library,"Class 1: Serve 3,999 or less",2372.0,17983.0,780.0,2245.0,0.0,0.0,0,12621,0,12621,33629,5.320826306913997,8.856661045531197,14.177487352445194
37,MI0205,Lyons Township District Library,"Class 1: Serve 3,999 or less",3667.0,14390.0,451.0,1636.0,23.0,1.0,0,0,0,0,16477,0,4.493318789200981,4.493318789200981
38,MI0207,Mackinac Island Public Library,"Class 1: Serve 3,999 or less",492.0,12883.0,266.0,740.0,27.0,0.0,8362,4151,285,12798,26687,26.01219512195122,28.229674796747968,54.24186991869919
39,MI0215,Maple Rapids Public Library,"Class 1: Serve 3,999 or less",3115.0,9768.0,158.0,1128.0,24.0,0.0,0,0,0,0,11078,0,3.5486356340288925,3.5563402889245586
40,MI0227,Merrill District Library,"Class 1: Serve 3,999 or less",3433.0,13574.0,55.0,315.0,20.0,0.0,0,0,0,0,13944,0,4.061753568307602,4.061753568307602
41,MI0238,Mulliken District Library,"Class 1: Serve 3,999 or less",1848.0,8451.0,165.0,2421.0,14.0,0.0,0,0,0,0,11037,0,5.972402597402597,5.972402597402597
42,MI0247,North Branch Township Library,"Class 1: Serve 3,999 or less",3645.0,36325.0,794.0,2828.0,87.0,1.0,23176,2244,0,25420,65367,6.973936899862826,10.959396433470507,17.933333333333334
43,MI0254,Ontonagon Township Library,"Class 1: Serve 3,999 or less",3679.0,27531.0,663.0,1522.0,34.0,3.0,8362,4151,285,12798,42514,3.478662680076108,8.077194889915738,11.555857569991845
44,MI0256,Osceola Township School Public Library,"Class 1: Serve 3,999 or less",1830.0,9013.0,76.0,7.0,3.0,0.0,0,0,0,0,9096,0,4.970491803278689,4.970491803278689
45,MI0267,Pentwater Township Library,"Class 1: Serve 3,999 or less",1939.0,10116.0,677.0,1976.0,54.0,0.0,23502,17501,132,41135,53904,21.214543579164516,6.5853532748839605,27.79989685404848
46,MI0427,Ray Township Public Library,"Class 1: Serve 3,999 or less",3739.0,9461.0,453.0,1248.0,0.0,3.0,6820,6820,0,13640,24802,3.64803423375234,2.9852901845413213,6.633324418293661
47,MI0285,Republic-Michigamme Public Library,"Class 1: Serve 3,999 or less",1508.0,14505.0,111.0,167.0,14.0,0.0,0,0,0,0,14783,0,9.803050397877984,9.803050397877984
48,MI0287,Richfield Township Public Library,"Class 1: Serve 3,999 or less",3731.0,13702.0,213.0,1803.0,13.0,0.0,0,8450,0,8450,24168,2.264808362369338,4.212811578665237,6.477619941034575
49,MI0289,Richland Township Library,"Class 1: Serve 3,999 or less",3674.0,16954.0,380.0,2747.0,43.0,1.0,0,8134,0,8134,28258,2.2139357648339684,5.465704953728906,7.691344583560152
50,MI0291,Richmond Township Library,"Class 1: Serve 3,999 or less",882.0,10246.0,61.0,360.0,14.0,0.0,8362,4151,285,12798,23465,14.510204081632653,12.094104308390023,26.604308390022677
51,MI0305,Schoolcraft Community Library,"Class 1: Serve 3,999 or less",3775.0,28209.0,693.0,834.0,23.0,7.0,19822,6722,0,26544,56303,7.031523178807947,7.877086092715232,14.914701986754967
52,MI0307,Seville Township Public Library,"Class 1: Serve 3,999 or less",3138.0,8525.0,564.0,853.0,2.0,1.0,0,8450,0,8450,18392,2.692797960484385,3.1682600382409176,5.861057998725303
53,MI0311,Sleeper Public Library,"Class 1: Serve 3,999 or less",3428.0,11893.0,85.0,1185.0,50.0,0.0,4690,4460,0,9150,22363,2.6691948658109683,3.8398483080513417,6.523628938156359
54,MI0312,Sodus Township Library,"Class 1: Serve 3,999 or less",1932.0,15358.0,129.0,696.0,14.0,0.0,0,0,0,0,16197,0,8.376293995859212,8.383540372670808
55,MI0327,Sunfield District Library,"Class 1: Serve 3,999 or less",2387.0,18924.0,920.0,4140.0,47.0,0.0,24238,5625,0,29863,53894,12.510682865521575,10.047758692919983,22.578131545873482
56,MI0334,Tekonsha Township Public Library,"Class 1: Serve 3,999 or less",1873.0,18061.0,147.0,746.0,2.0,1.0,17259,3951,0,21210,40166,11.324079017618793,10.119594233849439,21.444741057127604
57,MI0341,Topinabee Public Library,"Class 1: Serve 3,999 or less",2294.0,9800.0,325.0,350.0,18.0,0.0,21959,3813,134,25906,36399,11.292938099389712,4.566259808195292,15.867044463818658
58,MI0346,Vermontville Township Library,"Class 1: Serve 3,999 or less",3895.0,18116.0,28.0,2224.0,34.0,0.0,29125,9180,0,38305,58673,9.834403080872914,5.229268292682927,15.063671373555842
59,MI0350,Wakefield Public Library,"Class 1: Serve 3,999 or less",2156.0,14933.0,126.0,1042.0,22.0,0.0,8825,4309,285,13419,29542,6.224025974025974,7.467996289424861,13.702226345083488
60,MI0351,Waldron District Library,"Class 1: Serve 3,999 or less",2475.0,9141.0,330.0,1180.0,0.0,0.0,19145,6428,0,25573,36224,10.332525252525253,4.303434343434343,14.635959595959596
61,MI0352,Walkerville Public/School Library,"Class 1: Serve 3,999 or less",1968.0,12198.0,0.0,0.0,0.0,0.0,0,0,0,0,12198,0,6.198170731707317,6.198170731707317
62,MI0359,Watertown Township Library,"Class 1: Serve 3,999 or less",2202.0,13258.0,0.0,0.0,6.0,0.0,8400,2169,0,10569,23827,4.799727520435967,6.020890099909174,10.820617620345141
63,MI0365,Wheatland Township Library,"Class 1: Serve 3,999 or less",2913.0,20326.0,1297.0,60.0,0.0,0.0,0,0,0,0,21683,0,7.44352900789564,7.44352900789564
64,MI0369,Whitefish Township Community Library,"Class 1: Serve 3,999 or less",575.0,12060.0,812.0,1860.0,35.0,0.0,13419,4309,285,18013,32745,31.32695652173913,25.62086956521739,56.947826086956525
65,MI0375,Wolverine Community Library,"Class 1: Serve 3,999 or less",2738.0,32696.0,407.0,1703.0,33.0,0.0,0,0,0,0,34839,0,12.712198685171659,12.724251278305333
66,MI0405,Addison Township Public Library,"Class 2: Serve 4,000-6,999",6351.0,22832.0,1682.0,2110.0,1.0,1.0,18100,3000,200,21300,47925,3.3538025507794047,4.1920957329554405,7.546055739253661
67,MI0149,Almont District Library,"Class 2: Serve 4,000-6,999",6583.0,28134.0,1707.0,2739.0,69.0,0.0,25584,0,0,25584,58164,3.88637399361993,4.949111347409995,8.835485341029926
68,MI0013,Armada Free Public Library,"Class 2: Serve 4,000-6,999",5379.0,23726.0,2555.0,2355.0,42.0,4.0,7559,3512,32,11103,39739,2.064138315672058,5.323666108942183,7.387804424614241
69,MI0014,Athens Community Library,"Class 2: Serve 4,000-6,999",4265.0,9372.0,497.0,0.0,13.0,0.0,881,0,0,881,10750,0.20656506447831183,2.313950762016413,2.5205158264947247
70,MI0018,Bad Axe District Library,"Class 2: Serve 4,000-6,999",6621.0,29688.0,2987.0,4676.0,101.0,7.0,22510,43136,15000,80646,118098,12.180335296782964,5.641292856064038,17.836882646125964
71,MI0020,Barryton Public Library,"Class 2: Serve 4,000-6,999",4075.0,27431.0,1170.0,1527.0,27.0,0.0,24965,4644,137,29746,59874,7.299631901840491,7.393374233128834,14.693006134969325
72,MI0032,Bessemer Public Library,"Class 2: Serve 4,000-6,999",5414.0,11668.0,575.0,1152.0,52.0,0.0,8825,4309,285,13419,26814,2.4785740672330996,2.4741411156261544,4.9527151828592535
73,MI0042,Bridgman Public Library,"Class 2: Serve 4,000-6,999",6296.0,28000.0,1200.0,2400.0,70.0,2.0,15000,3600,430,19030,50630,3.022554002541296,5.019059720457434,8.04161372299873
74,MI0044,Brown City Public Library,"Class 2: Serve 4,000-6,999",4005.0,14285.0,349.0,217.0,24.0,0.0,0,0,0,0,14851,0,3.708114856429463,3.708114856429463
75,MI0051,Camden Township Library,"Class 2: Serve 4,000-6,999",4191.0,14445.0,710.0,1653.0,38.0,2.0,10645,4350,0,14995,31803,3.577905034597948,4.010498687664042,7.58840372226199
76,MI0066,Coleman Area Library,"Class 2: Serve 4,000-6,999",4622.0,26147.0,519.0,1711.0,36.0,0.0,12163,1825,156,14144,42521,3.0601471224578103,6.139549978364345,9.199697100822155
77,MI0071,Constantine Township Library,"Class 2: Serve 4,000-6,999",4986.0,19600.0,664.0,1745.0,36.0,3.0,16577,3812,0,20389,42398,4.0892498997192135,4.414159647011632,8.503409546730847
78,MI0080,Deckerville Public Library,"Class 2: Serve 4,000-6,999",4514.0,11518.0,325.0,767.0,22.0,2.0,18338,4227,0,22565,35175,4.998892334957909,2.793531236154187,7.792423571112096
79,MI0373,Dorothy Hull Library - Windsor Township,"Class 2: Serve 4,000-6,999",6838.0,13591.0,620.0,538.0,51.0,3.0,9888,0,0,9888,24637,1.4460368528809593,2.1569172272594326,3.602954080140392
80,MI0088,Dowling Public Library,"Class 2: Serve 4,000-6,999",4869.0,16135.0,487.0,364.0,15.0,0.0,42000,0,0,42000,59001,8.62600123228589,3.4886013555144793,12.117683302526187
81,MI0089,Dryden Township Library,"Class 2: Serve 4,000-6,999",4768.0,24443.0,1125.0,1101.0,53.0,0.0,21856,2103,184,24143,50865,5.063548657718121,5.5933305369127515,10.667994966442953
82,MI0098,Elk Rapids District Library,"Class 2: Serve 4,000-6,999",5432.0,17331.0,1112.0,1881.0,62.0,1.0,26650,5487,137,32274,52598,5.941458026509573,3.7415316642120766,9.68298969072165
83,MI0112,Forsyth Township Public Library,"Class 2: Serve 4,000-6,999",6164.0,17511.0,915.0,1661.0,23.0,0.0,6418,3457,265,10140,30227,1.645035691109669,3.258760545100584,4.903796236210253
84,MI0117,Freeport District Library,"Class 2: Serve 4,000-6,999",5641.0,16870.0,954.0,2168.0,10.0,0.0,8831,3577,0,12408,32400,2.1996099982272646,3.5440524729657863,5.743662471193051
85,MI0140,Harbor Beach Area District Library,"Class 2: Serve 4,000-6,999",6119.0,17931.0,1622.0,2822.0,38.0,1.0,4739,20896,0,25635,48010,4.189410034319333,3.6566432423598627,7.846053276679196
86,MI0144,Hartford Public Library,"Class 2: Serve 4,000-6,999",6582.0,53000.0,1375.0,1700.0,15.0,1.0,185,0,0,185,56260,0.02810695837131571,8.519446976602856,8.547553934974172
87,MI0151,Hesperia Community Library,"Class 2: Serve 4,000-6,999",5933.0,25358.0,1554.0,1303.0,20.0,4.0,8832,12049,0,20881,49096,3.5194673858081913,4.7556042474296305,8.275071633237822
88,MI0154,Home Township Library,"Class 2: Serve 4,000-6,999",4220.0,14684.0,778.0,987.0,19.0,0.0,23116,17109,402,40627,57076,9.627251184834122,3.8978672985781992,13.525118483412323
89,MI0157,Hopkins District Library,"Class 2: Serve 4,000-6,999",4610.0,20404.0,501.0,914.0,20.0,3.0,8367,11473,0,19840,41679,4.303687635574837,4.732971800433839,9.040997830802603
90,MI0159,Howe Memorial Library,"Class 2: Serve 4,000-6,999",5531.0,18375.0,1890.0,1639.0,0.0,0.0,5806,2632,0,8438,30342,1.5255830772012295,3.9602241909238836,5.485807268125113
91,MI0161,Hudson Carnegie District Library,"Class 2: Serve 4,000-6,999",5107.0,35865.0,430.0,786.0,30.0,5.0,26755,6763,0,33518,70599,6.563148619541805,7.260818484433131,13.823967103974937
92,MI0170,Interlochen Public Library,"Class 2: Serve 4,000-6,999",5784.0,24957.0,2524.0,2499.0,56.0,0.0,0,0,0,0,29980,0,5.183264177040111,5.183264177040111
93,MI0172,Ironwood Carnegie Library,"Class 2: Serve 4,000-6,999",5713.0,28863.0,1226.0,1318.0,27.0,0.0,8825,4309,285,13419,44826,2.348853492035708,5.49746192893401,7.846315420969718
94,MI0174,J. C. Wheeler Public Library,"Class 2: Serve 4,000-6,999",6443.0,16413.0,315.0,962.0,20.0,0.0,16340,3710,246,20296,38006,3.150085363960888,2.7456153965544003,5.898804904547571
95,MI0176,Jacquelin E. Opperman Memorial Library,"Class 2: Serve 4,000-6,999",4080.0,21691.0,220.0,1841.0,8.0,5.0,29236,4897,0,34133,57885,8.365931372549019,5.82156862745098,14.1875
96,MI0178,Jonesville District Library,"Class 2: Serve 4,000-6,999",5210.0,23984.0,2158.0,2530.0,24.0,5.0,8058,3062,0,11120,39792,2.1343570057581576,5.503262955854127,7.637619961612284
97,MI0179,Jordan Valley District Library,"Class 2: Serve 4,000-6,999",6997.0,35411.0,870.0,2572.0,101.0,4.0,26236,5183,137,31556,70409,4.5099328283550095,5.552808346434186,10.062741174789195
98,MI0188,Lake Odessa Community Library,"Class 2: Serve 4,000-6,999",4168.0,29071.0,2545.0,3584.0,12.0,1.0,8507,11742,0,20249,55449,4.858205374280231,8.445297504798464,13.303502879078694
99,MI0422,Leighton Township Library,"Class 2: Serve 4,000-6,999",4934.0,26450.0,2193.0,6179.0,39.0,0.0,8507,11861,0,20368,55190,4.128090798540738,7.057559789217673,11.185650587758412
100,MI0194,Leland Township Public Library,"Class 2: Serve 4,000-6,999",5857.0,21975.0,2943.0,5847.0,57.0,0.0,23338,39178,120,62636,93458,10.694212053952535,5.252689089977804,15.956633088611918
101,MI0203,Luther Area Public Library,"Class 2: Serve 4,000-6,999",4141.0,15003.0,968.0,2623.0,0.0,0.0,35000,9630,137,44767,63361,10.81067375030186,4.490219753682686,15.300893503984545
102,MI0206,M. Alice Chapin Memorial Library,"Class 2: Serve 4,000-6,999",4197.0,20917.0,621.0,372.0,0.0,1.0,0,0,0,0,21910,0,5.2203955206099595,5.2203955206099595
103,MI0208,Mackinaw Area Public Library,"Class 2: Serve 4,000-6,999",5068.0,44725.0,1705.0,5448.0,52.0,1.0,25580,4987,148,30715,82645,6.060576164167324,10.236385161799527,16.30722178374112
104,MI0211,Mancelona Township Library,"Class 2: Serve 4,000-6,999",4968.0,15219.0,374.0,989.0,12.0,0.0,0,36000,0,36000,52582,7.246376811594203,3.3377616747181964,10.5841384863124
105,MI0216,Marcellus Township Wood Memorial Library,"Class 2: Serve 4,000-6,999",4101.0,26166.0,430.0,3077.0,12.0,2.0,13460,2667,260,16387,46060,3.995854669592782,7.235552304316021,11.231406973908802
106,MI0217,Marlette District Library,"Class 2: Serve 4,000-6,999",5241.0,16936.0,937.0,1245.0,25.0,0.0,20744,4602,0,25346,44464,4.836099980919672,3.6477771417668383,8.48387712268651
107,MI0221,Mayville District Public Library,"Class 2: Serve 4,000-6,999",5160.0,23451.0,1603.0,3013.0,67.0,2.0,18606,4408,0,23014,51081,4.460077519379845,5.439341085271318,9.899418604651164
108,MI0418,McBain Community Library,"Class 2: Serve 4,000-6,999",5841.0,25466.0,986.0,1103.0,30.0,1.0,26233,5182,137,31552,59137,5.401814757746961,4.7175141242937855,10.124464988871768
109,MI0225,Mendon Township Library,"Class 2: Serve 4,000-6,999",4730.0,33846.0,534.0,1347.0,22.0,1.0,0,0,0,0,35749,0,7.553276955602537,7.557928118393234
110,MI0235,Moore Public Library,"Class 2: Serve 4,000-6,999",5072.0,24910.0,635.0,644.0,49.0,5.0,16565,4367,0,20932,47170,4.1269716088328074,5.163446372239748,9.300078864353312
111,MI0236,Morton Township Public Library,"Class 2: Serve 4,000-6,999",6634.0,30651.0,700.0,2713.0,54.0,0.0,26400,41300,135,67835,101899,10.2253542357552,5.134760325595417,15.360114561350619
112,MI0243,New Buffalo Township Public Library,"Class 2: Serve 4,000-6,999",5302.0,32376.0,1007.0,2146.0,221.0,3.0,17211,4244,369,21824,57574,4.1161825726141075,6.701056205205583,10.858921161825727
113,MI0244,Newaygo Area District Library,"Class 2: Serve 4,000-6,999",6834.0,22217.0,1476.0,1410.0,43.0,0.0,8367,7823,0,16190,41336,2.369037167105648,3.673251390108282,6.048580626280363
114,MI0246,North Adams Community Memorial Library,"Class 2: Serve 4,000-6,999",4469.0,10531.0,19.0,309.0,30.0,4.0,19146,4223,0,23369,34228,5.2291340344596104,2.4298500783172967,7.658984112776907
115,MI0249,Nottawa Township Library,"Class 2: Serve 4,000-6,999",6174.0,22401.0,2532.0,2141.0,20.0,4.0,0,0,0,0,27074,0,4.385163589245222,4.385163589245222
116,MI0260,Ovid Public Library,"Class 2: Serve 4,000-6,999",5305.0,16516.0,403.0,1556.0,50.0,0.0,7718,3184,0,10902,29377,2.055042412818096,3.482563619227144,5.5376060320452405
117,MI0264,Pathfinder Community Library,"Class 2: Serve 4,000-6,999",6341.0,31200.0,625.0,5645.0,18.0,1.0,375,0,0,375,37863,0.059138937076170954,5.909162592651001,5.971140198706829
118,MI0266,Peninsula Community Library,"Class 2: Serve 4,000-6,999",5433.0,15519.0,733.0,1627.0,46.0,15.0,0,0,0,0,17879,0,3.2908153874470827,3.2908153874470827
119,MI0270,Pigeon District Library,"Class 2: Serve 4,000-6,999",6654.0,29181.0,1288.0,3710.0,63.0,3.0,4500,5000,0,9500,43742,1.427712654042681,5.136609558160505,6.573790201382627
120,MI0272,Pittsford Public Library,"Class 2: Serve 4,000-6,999",4105.0,18846.0,417.0,781.0,26.0,0.0,525,623,0,1148,21192,0.27965895249695494,4.882825822168088,5.162484774665042
121,MI0275,Port Austin Township Library,"Class 2: Serve 4,000-6,999",5033.0,20000.0,600.0,3500.0,65.0,0.0,9000,2500,0,11500,35600,2.2849195310947743,4.788396582555136,7.073316113649911
122,MI0028,Potterville-Benton Township District Library,"Class 2: Serve 4,000-6,999",5413.0,17924.0,537.0,713.0,4.0,5.0,19353,7110,0,26463,45637,4.888786255311287,3.5422131904673932,8.430999445778681
123,MI0280,Putnam District Library,"Class 2: Serve 4,000-6,999",6847.0,15488.0,218.0,901.0,3.0,1.0,24788,6113,0,30901,47508,4.513071418139331,2.4254417993281727,6.938513217467504
124,MI0281,Rauchholz Memorial Library,"Class 2: Serve 4,000-6,999",6240.0,22619.0,1667.0,810.0,24.0,2.0,20744,4602,0,25346,50466,4.061858974358974,4.021794871794872,8.0875
125,MI0283,Reading Community Library,"Class 2: Serve 4,000-6,999",5376.0,12415.0,915.0,995.0,35.0,2.0,18052,4151,0,22203,36563,4.130022321428571,2.6646205357142856,6.801153273809524
126,MI0380,Reese Unity District Library,"Class 2: Serve 4,000-6,999",5523.0,23126.0,627.0,1099.0,28.0,1.0,14136,4108,0,18244,43124,3.303277204417889,4.499728408473656,7.808075321383306
127,MI0064,River Rapids District Library,"Class 2: Serve 4,000-6,999",4659.0,22774.0,1123.0,1857.0,45.0,1.0,21132,4879,0,26011,51810,5.582957716248122,5.527795664305645,11.12041210560206
128,MI0125,Roscommon Area District Library,"Class 2: Serve 4,000-6,999",6295.0,63125.0,1624.0,7548.0,50.0,4.0,8500,4271,0,12771,85068,2.028752978554408,11.484829229547259,13.513582208101669
129,MI0323,Saint Ignace Public Library,"Class 2: Serve 4,000-6,999",4434.0,23545.0,881.0,1175.0,65.0,4.0,8466,3967,265,12698,38299,2.8637798827244025,5.773793414524132,8.637573297248535
130,MI0302,Sanilac District Library,"Class 2: Serve 4,000-6,999",4375.0,49033.0,1366.0,3781.0,80.0,1.0,16505,4459,0,20964,75144,4.791771428571429,12.384,17.17577142857143
131,MI0304,Saugatuck-Douglas District Library,"Class 2: Serve 4,000-6,999",5101.0,18945.0,1302.0,2902.0,51.0,11.0,23090,11762,1737,36589,59789,7.172907273083709,4.538129778474809,11.721035091158596
132,MI9007,Sebewaing Township Library,"Class 2: Serve 4,000-6,999",4038.0,21133.0,1094.0,2710.0,64.0,5.0,7596,1500,0,9096,34033,2.25260029717682,6.175581971272908,8.428182268449728
133,MI0432,Sherman Township Library,"Class 2: Serve 4,000-6,999",5635.0,15574.0,144.0,2256.0,52.0,0.0,20745,4604,0,25349,43323,4.49849157054126,3.189707187222715,7.688198757763975
134,MI0324,Stair District Library,"Class 2: Serve 4,000-6,999",4046.0,21069.0,525.0,1081.0,85.0,11.0,35799,9467,7000,52266,74941,12.917943648047455,5.604300543746911,18.522244191794364
135,MI0329,Suttons Bay-Bingham District Library,"Class 2: Serve 4,000-6,999",5479.0,19525.0,1761.0,1799.0,62.0,2.0,23477,3892,134,27503,50588,5.019711626209162,4.213360102208433,9.233071728417594
136,MI0332,Taymouth Township Library,"Class 2: Serve 4,000-6,999",6680.0,20145.0,850.0,650.0,18.0,1.0,0,0,0,0,21663,0,3.2402694610778444,3.2429640718562873
137,MI0110,Thomas E. Fleschner Memorial Library,"Class 2: Serve 4,000-6,999",6033.0,29293.0,2141.0,2005.0,3.0,0.0,18740,4508,2,23250,56692,3.8538040775733466,5.542681916127963,9.396983258743576
138,MI0339,Three Oaks Township Public Library,"Class 2: Serve 4,000-6,999",4576.0,22247.0,953.0,2655.0,100.0,2.0,17752,3074,290,21116,46971,4.614510489510489,5.650131118881119,10.264641608391608
139,MI0344,Utica Public Library,"Class 2: Serve 4,000-6,999",4757.0,17514.0,576.0,2849.0,44.0,6.0,16174,3040,32,19246,40185,4.045827202018079,4.401723775488754,8.447550977506832
140,MI0347,Vernon District Public Library,"Class 2: Serve 4,000-6,999",4614.0,12884.0,289.0,250.0,12.0,1.0,25535,2876,195,28606,42029,6.199826614651062,2.909189423493715,9.109016038144777
141,MI0353,Walled Lake City Library,"Class 2: Serve 4,000-6,999",6999.0,21571.0,1084.0,2937.0,19.0,0.0,51558,18624,823,71005,96616,10.145020717245322,3.656522360337191,13.8042577511073
142,MI0360,Watervliet District Library,"Class 2: Serve 4,000-6,999",4837.0,26156.0,886.0,1883.0,43.0,1.0,13050,2927,289,16266,45234,3.362828199297085,5.979946247674178,9.351664254703328
143,MI0367,White Pigeon Township Library,"Class 2: Serve 4,000-6,999",5240.0,16901.0,875.0,747.0,19.0,0.0,*,*,*,*,UTD,UTD,3.5349236641221373,UTD
144,MI0372,Aitkin Memorial District Library,"Class 3: Serve 7,000-11,999",7410.0,28542.0,401.0,1478.0,61.0,2.0,21233,4965,29750,55948,86430,7.5503373819163295,4.105398110661269,11.663967611336032
145,MI0407,Alanson Area Public Library,"Class 3: Serve 7,000-11,999",11600.0,17431.0,624.0,823.0,29.0,0.0,6701,3867,265,10833,29740,0.9338793103448276,1.6274137931034482,2.5637931034482757
146,MI0408,Albion District Library,"Class 3: Serve 7,000-11,999",11569.0,27244.0,1528.0,7952.0,38.0,0.0,80992,33937,0,114929,151653,9.934220762382228,3.174345232950125,13.108565995332354
147,MI0409,Alcona County Library,"Class 3: Serve 7,000-11,999",9706.0,44084.0,2464.0,3765.0,31.0,5.0,15080,2965,753,18798,69111,1.9367401607253245,5.183700803626623,7.120440964351947
148,MI0412,Alma Public Library,"Class 3: Serve 7,000-11,999",11902.0,86945.0,1397.0,2633.0,121.0,5.0,16451,4218,0,20669,111644,1.7365988909426988,7.643673332213074,9.380272223155773
149,MI0010,Alvah N. Belding Memorial Library,"Class 3: Serve 7,000-11,999",11000.0,61599.0,1447.0,2163.0,46.0,0.0,23826,14492,401,38719,103974,3.519909090909091,5.928090909090909,9.452181818181819
150,MI0016,Augusta-Ross Township District Library,"Class 3: Serve 7,000-11,999",7172.0,20407.0,1311.0,3242.0,22.0,3.0,16549,3438,290,20277,45237,2.8272448410485223,3.4802007808142776,6.3074456218628
151,MI9026,Bath Township Public Library,"Class 3: Serve 7,000-11,999",11598.0,10382.0,214.0,1285.0,17.0,2.0,0,0,0,0,11881,0,1.024400758751509,1.024400758751509
152,MI0031,Berrien Springs Community Library,"Class 3: Serve 7,000-11,999",9197.0,45809.0,4524.0,2876.0,88.0,0.0,17606,3985,371,21962,75259,2.387952593236925,5.7854735239752095,8.182994454713494
153,MI0036,Blair Memorial Library,"Class 3: Serve 7,000-11,999",11825.0,64464.0,6090.0,6198.0,94.0,1.0,21600,7635,814,30049,106895,2.5411416490486256,6.490655391120508,9.039746300211416
154,MI0038,Boyne District Library,"Class 3: Serve 7,000-11,999",7226.0,31172.0,1267.0,2284.0,40.0,5.0,35489,5600,412,41501,76224,5.7432881262109055,4.805286465541101,10.548574591752006
155,MI0045,Buchanan District Library,"Class 3: Serve 7,000-11,999",10090.0,39662.0,1496.0,3648.0,82.0,3.0,17062,3879,290,21231,66037,2.1041625371655104,4.440634291377601,6.544796828543112
156,MI0046,Bullard Sanford Memorial Library,"Class 3: Serve 7,000-11,999",9705.0,33812.0,1028.0,2610.0,62.0,0.0,18523,4415,0,22938,60388,2.3635239567233386,3.8588356517259146,6.222359608449253
157,MI0050,Calumet Public School Library,"Class 3: Serve 7,000-11,999",8692.0,47276.0,1961.0,2147.0,62.0,5.0,8825,4309,285,13419,64803,1.5438334100322135,5.911642890013805,7.455476300046019
158,MI0168,Caro Area District Library,"Class 3: Serve 7,000-11,999",11833.0,47559.0,1428.0,4545.0,102.0,4.0,16505,4459,0,20964,74496,1.7716555395926645,4.523958421363982,6.295613960956647
159,MI0054,Carson City Public Library,"Class 3: Serve 7,000-11,999",10857.0,43517.0,1178.0,1922.0,66.0,2.0,17664,24118,0,41782,88465,3.8483927420097634,4.293727549046698,8.148199318412084
160,MI0056,Cedar Springs Public Library,"Class 3: Serve 7,000-11,999",9483.0,24927.0,789.0,1060.0,0.0,1.0,12373,13076,0,25449,52225,2.683644416323948,2.8235790361699884,5.507223452493936
161,MI0057,Center Line Public Library,"Class 3: Serve 7,000-11,999",8257.0,33082.0,2023.0,3229.0,33.0,10.0,14802,2630,0,17432,55799,2.111178394089863,4.6426062734649385,6.757781276492673
162,MI0060,Charlevoix Public Library,"Class 3: Serve 7,000-11,999",9810.0,36946.0,4363.0,3971.0,156.0,6.0,*,*,*,*,UTD,UTD,4.615698267074414,UTD
163,MI0072,Coopersville Area District Library,"Class 3: Serve 7,000-11,999",11862.0,33630.0,1616.0,2856.0,47.0,5.0,36997,50628,20115,107740,145842,9.082785365031192,3.2121058843365367,12.294891249367728
164,MI0081,Delton District Library,"Class 3: Serve 7,000-11,999",10021.0,27000.0,1438.0,2030.0,0.0,0.0,0,0,0,0,30468,0,3.0404151282307157,3.0404151282307157
165,MI0086,Dorr Township Library,"Class 3: Serve 7,000-11,999",7439.0,22394.0,772.0,1391.0,38.0,5.0,8507,11740,0,20247,44804,2.7217367925796476,3.3011157413630863,6.022852533942734
166,MI0095,Eau Claire District Library,"Class 3: Serve 7,000-11,999",7392.0,33975.0,310.0,1243.0,28.0,0.0,17062,3879,290,21231,56759,2.872159090909091,4.8062770562770565,7.678436147186147
167,MI9021,Ecorse Public Library,"Class 3: Serve 7,000-11,999",9512.0,30000.0,451.0,967.0,21.0,0.0,0,0,0,0,31418,0,3.302985702270816,3.302985702270816
168,MI0102,Evart Public Library,"Class 3: Serve 7,000-11,999",7717.0,37744.0,1625.0,36.0,49.0,0.0,0,0,0,0,39405,0,5.106258908902423,5.106258908902423
169,MI0177,Frankenmuth James E. Wickson District Library,"Class 3: Serve 7,000-11,999",7824.0,35008.0,1399.0,1147.0,58.0,3.0,18522,4415,0,22937,60549,2.931620654396728,4.799846625766871,7.73888036809816
170,MI0119,Galesburg-Charleston Memorial District Library,"Class 3: Serve 7,000-11,999",9476.0,21784.0,614.0,1218.0,13.0,0.0,17382,4238,423,22043,45659,2.326192486281131,2.492190797804981,4.818383284086113
171,MI0162,Gary Byker Memorial Library of Hudsonville,"Class 3: Serve 7,000-11,999",10983.0,54828.0,4870.0,5082.0,90.0,3.0,8832,48313,0,57145,121925,5.203041063461714,5.898206318856414,11.101247382318128
172,MI0126,Gladstone School & Public Library,"Class 3: Serve 7,000-11,999",11239.0,43166.0,1863.0,788.0,25.0,1.0,6690,2899,0,9589,55406,0.8531897855681111,4.076608239167186,4.929798024735296
173,MI0132,Grant Area District Library,"Class 3: Serve 7,000-11,999",8875.0,37064.0,2991.0,2818.0,40.0,5.0,*,*,*,*,UTD,UTD,4.830760563380282,UTD
174,MI0143,Hart Area Public Library,"Class 3: Serve 7,000-11,999",8133.0,23900.0,3591.0,1577.0,102.0,5.0,26607,41412,137,68156,97224,8.380179515553916,3.574080904955121,11.954260420509037
175,MI0148,Henika District Library,"Class 3: Serve 7,000-11,999",7135.0,13466.0,668.0,2135.0,35.0,2.0,8355,11471,0,19826,36095,2.778696566222845,2.280168185003504,5.058864751226349
176,MI0232,Hillsdale Community Library,"Class 3: Serve 7,000-11,999",11870.0,47258.0,1650.0,1750.0,45.0,7.0,36250,4350,0,40600,91258,3.420387531592249,4.267733782645324,7.6881213142375735
177,MI0163,Huntington Woods Public Library,"Class 3: Serve 7,000-11,999",8764.0,36680.0,2648.0,2429.0,100.0,4.0,*,*,*,*,UTD,UTD,4.7646052031036055,UTD
178,MI0186,Laingsburg Public Library,"Class 3: Serve 7,000-11,999",9555.0,20500.0,600.0,2122.0,24.0,0.0,25985,2213,184,28382,51604,2.9703819989534277,2.4303506017791734,5.400732600732601
179,MI0184,L'Anse Area School-Public Library,"Class 3: Serve 7,000-11,999",9533.0,23458.0,1065.0,1057.0,29.0,0.0,8825,4309,285,13419,38999,1.4076366306514214,2.6833106052659184,4.09094723591734
180,MI0196,Lenox Township Library,"Class 3: Serve 7,000-11,999",10470.0,23328.0,1780.0,3325.0,18.0,7.0,1162,0,0,1162,29613,0.11098376313276027,2.7156638013371537,2.8283667621776503
181,MI0290,Lois Wagner Memorial Library,"Class 3: Serve 7,000-11,999",11581.0,39112.0,2707.0,3265.0,36.0,0.0,14942,41289,0,56231,101315,4.855452896986443,3.89292807184181,8.748380968828252
182,MI0212,Manchester District Library,"Class 3: Serve 7,000-11,999",7312.0,31760.0,1098.0,4945.0,35.0,3.0,21000,24884,12441,58325,96128,7.976613785557987,5.169994529540482,13.146608315098469
183,MI0214,Manistique School & Public Library,"Class 3: Serve 7,000-11,999",8344.0,31391.0,566.0,423.0,27.0,0.0,8825,4151,285,13261,45641,1.5892857142857142,3.880632790028763,5.469918504314477
184,MI9018,Melvindale Public Library,"Class 3: Serve 7,000-11,999",10715.0,29655.0,581.0,2023.0,12.0,0.0,0,0,0,0,32259,0,3.0106392907139523,3.0106392907139523
185,MI0230,Millington Arbela District Library,"Class 3: Serve 7,000-11,999",7424.0,24010.0,740.0,1938.0,27.0,0.0,20745,4604,0,25349,52037,3.4144665948275863,3.5948275862068964,7.009294181034483
186,MI0234,Montmorency County Public Libraries,"Class 3: Serve 7,000-11,999",9765.0,40498.0,868.0,5230.0,39.0,0.0,16875,3425,0,20300,66896,2.078853046594982,4.77173579109063,6.850588837685612
187,MI0239,Munising School Public Library,"Class 3: Serve 7,000-11,999",9623.0,26626.0,1419.0,1552.0,58.0,9.0,8825,14109,285,23219,52816,2.412865010911358,3.0756520835498287,5.488517094461186
188,MI0241,Negaunee Public Library,"Class 3: Serve 7,000-11,999",7656.0,33652.0,1154.0,430.0,23.0,3.0,8466,3967,265,12698,47957,1.6585684430512018,4.602403343782654,6.263975966562174
189,MI0379,Northfield Township Area Library,"Class 3: Serve 7,000-11,999",8354.0,17497.0,2648.0,3072.0,3.0,1.0,*,*,*,*,UTD,UTD,2.779147713670098,UTD
190,MI0257,Oscoda County Library,"Class 3: Serve 7,000-11,999",8640.0,29776.0,684.0,1820.0,5.0,0.0,2612,290,0,2902,35182,0.33587962962962964,3.736111111111111,4.07199074074074
191,MI0263,Parchment Community Library,"Class 3: Serve 7,000-11,999",9969.0,34674.0,1613.0,2562.0,53.0,0.0,19003,7022,1133,27158,66007,2.7242451599959874,3.8969806399839504,6.621225799979938
192,MI9012,Patmos Library,"Class 3: Serve 7,000-11,999",7034.0,43188.0,826.0,2798.0,21.0,0.0,8507,3464,0,11971,58783,1.701876599374467,6.655103781632072,8.35698038100654
193,MI0122,Pere Marquette District Library,"Class 3: Serve 7,000-11,999",8833.0,31656.0,2026.0,3375.0,40.0,1.0,21856,2013,184,24053,61150,2.7230838899581116,4.195290388316541,6.922902751047209
194,MI0271,Pinckney Community Public Library,"Class 3: Serve 7,000-11,999",11503.0,50542.0,5391.0,21804.0,48.0,9.0,4182,14862,229,19273,97010,1.675475962792315,6.757976180126923,8.433452142919238
195,MI0282,Rawson Memorial Library,"Class 3: Serve 7,000-11,999",8891.0,21665.0,802.0,1938.0,64.0,3.0,14180,4148,0,18328,42733,2.0614104150264314,2.7449105837363628,4.806320998762794
196,MI0284,Reed City Area District Library,"Class 3: Serve 7,000-11,999",8543.0,18526.0,667.0,819.0,33.0,2.0,21322,39586,134,61042,81054,7.145265129345663,2.3425026337352217,9.487767763080885
197,MI0288,Richland Community Library,"Class 3: Serve 7,000-11,999",7580.0,33964.0,2349.0,4273.0,31.0,5.0,13331,0,0,13331,53917,1.758707124010554,5.354353562005277,7.113060686015831
198,MI9019,River Rouge Public Library,"Class 3: Serve 7,000-11,999",7903.0,23999.0,382.0,1600.0,23.0,0.0,210,15,55,280,26261,0.0354295837023915,3.2874857648994054,3.322915348601797
199,MI0165,Ruth Hughes Memorial District Library,"Class 3: Serve 7,000-11,999",11480.0,40286.0,2544.0,4662.0,32.0,1.0,*,*,*,*,UTD,UTD,4.136933797909408,UTD
200,MI0320,Saint Charles District Library,"Class 3: Serve 7,000-11,999",7798.0,25127.0,1986.0,1617.0,38.0,311.0,18326,4223,0,22549,51279,2.891638881764555,3.6842780200051295,6.575916901769684
201,MI0423,Salem Township Library,"Class 3: Serve 7,000-11,999",7357.0,14967.0,525.0,855.0,75.0,0.0,8832,11865,0,20697,37119,2.8132390920212043,2.221965475057768,5.045398939785239
202,MI0301,Sandusky District Library,"Class 3: Serve 7,000-11,999",7103.0,27653.0,2478.0,0.0,41.0,1.0,8600,3400,0,12000,42131,1.689427002674926,4.242010418133183,5.931437420808109
203,MI0303,Saranac Public Library,"Class 3: Serve 7,000-11,999",10188.0,40000.0,1500.0,2798.0,80.0,1.0,*,*,*,*,UTD,UTD,4.348056537102473,UTD
204,MI0428,Schultz-Holmes Memorial Library,"Class 3: Serve 7,000-11,999",7272.0,25278.0,484.0,3967.0,51.0,10.0,18648,4277,0,22925,52654,3.1525027502750276,4.088146314631463,7.24064906490649
205,MI0309,Shelby Area District Library,"Class 3: Serve 7,000-11,999",11377.0,41290.0,1048.0,1519.0,79.0,3.0,14899,3538,196,18633,62490,1.6377779731036302,3.8548826579941986,5.492660631097829
206,MI0314,South Haven Memorial Library,"Class 3: Serve 7,000-11,999",8386.0,45794.0,1007.0,1002.0,51.0,3.0,13654,2638,253,16545,64348,1.972931075602194,5.700333889816361,7.6732649654185545
207,MI0317,Sparta Carnegie Township Library,"Class 3: Serve 7,000-11,999",9110.0,38206.0,762.0,1362.0,48.0,2.0,6000,10909,0,16909,57239,1.85609220636663,4.427003293084523,6.283095499451153
208,MI0318,Spies Public Library,"Class 3: Serve 7,000-11,999",9645.0,56085.0,2279.0,2180.0,56.0,11.0,6701,3867,265,10833,71377,1.1231726283048211,6.277242094349404,7.400414722654225
209,MI0328,Surrey Township Public Library,"Class 3: Serve 7,000-11,999",9301.0,15004.0,939.0,1765.0,26.0,3.0,26086,5092,137,31315,49049,3.366842275024191,1.9038813030856898,5.273518976454144
210,MI0330,Tahquamenon Area Public Library,"Class 3: Serve 7,000-11,999",7851.0,26431.0,1677.0,1646.0,51.0,1.0,29256,4859,137,34252,64006,4.362756336772386,3.7898356897210546,8.15259202649344
211,MI0331,Tamarack District Library,"Class 3: Serve 7,000-11,999",10250.0,29537.0,467.0,6933.0,62.0,2.0,9236,8832,0,18068,55067,1.7627317073170732,3.603609756097561,5.372390243902439
212,MI0335,Theodore A. Cutler Memorial Library,"Class 3: Serve 7,000-11,999",10662.0,25796.0,1020.0,1661.0,47.0,3.0,20896,4739,1,25636,54160,2.4044269367848434,2.67088726317764,5.079722378540612
213,MI0336,Thomas Township Library,"Class 3: Serve 7,000-11,999",11985.0,73398.0,3822.0,1819.0,162.0,1.0,16584,4545,0,21129,100168,1.7629536921151439,6.594826866916979,8.357780559032124
214,MI0337,Thompson Home Public Library,"Class 3: Serve 7,000-11,999",8147.0,26777.0,877.0,865.0,24.0,0.0,20896,4739,0,25635,54154,3.146557014852093,3.500552350558488,6.64710936541058
215,MI0286,Timothy C. Hauenstein Reynolds Township Library,"Class 3: Serve 7,000-11,999",9714.0,29628.0,1897.0,2463.0,9.0,0.0,8507,11861,0,20368,54356,2.096767551986823,3.4988676137533457,5.595635165740169
216,MI0354,Walton Erickson Public Library,"Class 3: Serve 7,000-11,999",9514.0,33114.0,134.0,1141.0,1.0,2.0,31938,5344,137,37419,71808,3.933046037418541,3.6145680050451965,7.547614042463738
217,MI0363,West Branch District Library,"Class 3: Serve 7,000-11,999",9138.0,29371.0,1432.0,845.0,60.0,0.0,8308,3700,0,12008,43716,1.3140731013350844,3.4633398993215145,4.78397898883782
218,MI0364,West Iron District Library,"Class 3: Serve 7,000-11,999",7370.0,62181.0,3212.0,3723.0,92.0,2.0,8825,4309,285,13419,82535,1.8207598371777476,9.378018995929443,11.198778833107191
219,MI0091,White Cloud Community Library,"Class 3: Serve 7,000-11,999",8533.0,49247.0,6578.0,9619.0,85.0,0.0,9062,3631,0,12693,78222,1.487519043712645,7.669518340560178,9.166998710887144
220,MI0370,White Lake Community Library,"Class 3: Serve 7,000-11,999",11811.0,38542.0,2711.0,3250.0,167.0,3.0,19444,178717,16318,214479,259149,18.15925831851664,3.7679282025230716,21.941325882651764
221,MI0368,White Pine District Library,"Class 3: Serve 7,000-11,999",10014.0,25478.0,1317.0,2974.0,17.0,27.0,26399,5381,137,31917,61686,3.1872378669862194,2.9727381665668067,6.159976033553026
222,MI0406,Adrian District Library,"Class 4: Serve 12,000-25,999",21133.0,63423.0,2992.0,4583.0,93.0,16.0,20435,5722,441,26598,97689,1.2586002933800218,3.3595798040978564,4.622580797804382
223,MI0410,Allegan District Library,"Class 4: Serve 12,000-25,999",17401.0,40666.0,860.0,2723.0,47.0,3.0,12964,2856,734,16554,60803,0.9513246365151428,2.5428998333429114,3.4942244698580542
224,MI0015,Auburn Hills Public Library,"Class 4: Serve 12,000-25,999",21412.0,53028.0,4355.0,11542.0,82.0,7.0,44694,38500,853,84047,153054,3.925228843639081,3.2189893517653654,7.148047823650289
225,MI0017,Bacon Memorial District Library,"Class 4: Serve 12,000-25,999",25883.0,51477.0,4325.0,8103.0,112.0,6.0,*,*,*,*,UTD,UTD,2.4689950933044855,UTD
226,MI0027,Benton Harbor Public Library,"Class 4: Serve 12,000-25,999",24787.0,112953.0,2814.0,6684.0,72.0,2.0,17062,3879,290,21231,143754,0.8565377012143462,4.940129906805987,5.799572356477186
227,MI0030,Berkley Public Library,"Class 4: Serve 12,000-25,999",14970.0,61110.0,6061.0,8089.0,105.0,0.0,43686,19883,852,64421,139681,4.303340013360053,5.027388109552438,9.330728122912491
228,MI0035,Big Rapids Community Library,"Class 4: Serve 12,000-25,999",20025.0,42267.0,1986.0,4147.0,2.0,0.0,6412,6278,1317,14007,62407,0.6994756554307117,2.4169787765293385,3.11645443196005
229,MI0040,Brandon Township Public Library,"Class 4: Serve 12,000-25,999",15175.0,39657.0,4333.0,6297.0,54.0,4.0,83287,35054,0,118341,168628,7.798418451400329,3.313805601317957,11.112224052718286
230,MI0041,Bridgeport Public Library,"Class 4: Serve 12,000-25,999",12667.0,33407.0,1561.0,2345.0,125.0,2.0,7155,3495,0,10650,47963,0.8407673482276782,2.945685639851583,3.7864529880792612
231,MI0026,Briggs District Library,"Class 4: Serve 12,000-25,999",19336.0,37725.0,3040.0,2351.0,50.0,3.0,20560,4622,2,25184,68350,1.3024410426148116,2.2298303682250724,3.534857261067439
232,MI0059,Charles A. Ransom District Library,"Class 4: Serve 12,000-25,999",15068.0,41765.0,3097.0,5398.0,65.0,8.0,16487,3857,246,20590,70850,1.3664719936288825,3.335545526944518,4.702017520573401
233,MI0061,Charlotte Community Library,"Class 4: Serve 12,000-25,999",24370.0,47933.0,2734.0,4197.0,51.0,2.0,7073,98983,38939,144995,199859,5.949733278621256,2.2512925728354536,8.20102585145671
234,MI0063,Cheboygan Area Public Library,"Class 4: Serve 12,000-25,999",13894.0,58081.0,4240.0,3229.0,120.0,4.0,22028,3892,134,26054,91604,1.875197927162804,4.717863826111991,6.593061753274795
235,MI0223,Chelsea District Library,"Class 4: Serve 12,000-25,999",15010.0,49343.0,6999.0,7474.0,128.0,7.0,*,*,*,*,UTD,UTD,4.251565622918054,UTD
236,MI0067,Coloma Public Library,"Class 4: Serve 12,000-25,999",12982.0,68674.0,1800.0,4162.0,50.0,2.0,17348,3594,291,21233,95869,1.635572330919735,5.74919118779849,7.384763518718225
237,MI0070,Comstock Township Library,"Class 4: Serve 12,000-25,999",14854.0,65140.0,5149.0,5524.0,43.0,3.0,*,*,*,*,UTD,UTD,5.103877743368789,UTD
238,MI0074,Crawford County Library,"Class 4: Serve 12,000-25,999",14074.0,45139.0,2058.0,5627.0,26.0,3.0,9113,4438,285,13836,66660,0.983089384680972,3.753303964757709,4.736393349438681
239,MI0106,DeWitt District Library,"Class 4: Serve 12,000-25,999",20542.0,29561.0,1275.0,5101.0,52.0,7.0,19710,7746,1496,28952,64889,1.4094051212150716,1.7494401713562457,3.1588452925713173
240,MI0084,Dexter District Library,"Class 4: Serve 12,000-25,999",19591.0,82414.0,13508.0,10951.0,130.0,13.0,*,*,*,*,UTD,UTD,5.45520902455209,UTD
241,MI0087,Dowagiac District Library,"Class 4: Serve 12,000-25,999",13306.0,24504.0,673.0,2669.0,33.0,4.0,17062,3879,290,21231,49077,1.5955959717420714,2.092740117240343,3.688336088982414
242,MI0094,Eaton Rapids Area District Library,"Class 4: Serve 12,000-25,999",12670.0,11747.0,485.0,954.0,44.0,3.0,*,*,*,*,UTD,UTD,1.0407261247040251,UTD
243,MI0101,Escanaba Public Library,"Class 4: Serve 12,000-25,999",25830.0,78704.0,2884.0,3831.0,70.0,6.0,8825,4309,285,13419,98838,0.5195121951219512,3.306968641114983,3.8264808362369336
244,MI0107,Fennville District Library,"Class 4: Serve 12,000-25,999",14230.0,41032.0,367.0,2609.0,26.0,2.0,9062,12200,0,21262,65296,1.4941672522839073,3.0926212227687984,4.588615600843289
245,MI0108,Ferndale Area District Library,"Class 4: Serve 12,000-25,999",19900.0,56835.0,7968.0,9248.0,107.0,9.0,35779,47311,31816,114906,188957,5.774170854271357,3.7211557788944725,9.49532663316583
246,MI0133,Flat River Community Library,"Class 4: Serve 12,000-25,999",17626.0,72869.0,4856.0,6347.0,61.0,4.0,*,*,*,*,UTD,UTD,4.769771927833882,UTD
247,MI0421,Flat Rock Public Library,"Class 4: Serve 12,000-25,999",17823.0,50185.0,8113.0,4900.0,60.0,1.0,16000,2815,4,18819,82017,1.0558828480053863,3.5458676990405658,4.601750547045952
248,MI0113,Fowlerville District Library,"Class 4: Serve 12,000-25,999",17068.0,32189.0,3039.0,4960.0,22.0,4.0,6890,1738,0,8628,48816,0.5055073822357629,2.354581673306773,2.860089055542536
249,MI0116,Fraser Public Library,"Class 4: Serve 12,000-25,999",14480.0,50778.0,3292.0,4983.0,49.0,12.0,16943,2905,32,19880,78982,1.37292817679558,4.0782458563535915,5.454558011049723
250,MI0118,Fremont Area District Library,"Class 4: Serve 12,000-25,999",13326.0,92297.0,6472.0,5366.0,145.0,7.0,28015,20932,0,48947,153082,3.673045174846165,7.8144229326129375,11.487468107459103
251,MI9022,Fruitport District Library,"Class 4: Serve 12,000-25,999",13598.0,16110.0,388.0,1026.0,0.0,3.0,*,*,*,*,UTD,UTD,1.2887189292543022,UTD
252,MI0127,Gladwin County District Library,"Class 4: Serve 12,000-25,999",25692.0,61538.0,4007.0,5425.0,74.0,3.0,16505,4459,0,20964,92008,0.8159738439981317,2.7623384711194148,3.581192589132804
253,MI0130,Grand Ledge Area District Library,"Class 4: Serve 12,000-25,999",15959.0,32318.0,1797.0,3156.0,33.0,18.0,82886,27846,0,110732,148003,6.938529983081647,2.3354220189234915,9.273952002005139
254,MI0137,Hamburg Township Library,"Class 4: Serve 12,000-25,999",21165.0,37406.0,4339.0,4982.0,51.0,3.0,2418,442,0,2860,49587,0.13512875029529883,2.207748641625325,2.3428773919206236
255,MI0138,Hamtramck Public Library,"Class 4: Serve 12,000-25,999",22423.0,75690.0,461.0,1577.0,33.0,0.0,0,0,0,0,77728,0,3.4664407082014,3.4664407082014
256,MI0141,Harper Woods Public Library,"Class 4: Serve 12,000-25,999",14236.0,40713.0,3237.0,3456.0,21.0,4.0,13267,2695,32,15994,63400,1.1234897443101994,3.330008429334083,4.453498173644282
257,MI0142,Harrison District Library,"Class 4: Serve 12,000-25,999",12920.0,28451.0,911.0,1096.0,50.0,1.0,23152,2235,184,25571,56079,1.9791795665634675,2.3574303405572756,4.340479876160991
258,MI0435,Harrison Township Public Library,"Class 4: Serve 12,000-25,999",24587.0,21299.0,2003.0,3674.0,7.0,7.0,13704,3798,103,17605,44588,0.7160287957050474,1.0971651685850246,1.813478667588563
259,MI0145,Hastings Public Library,"Class 4: Serve 12,000-25,999",13233.0,39850.0,2145.0,4945.0,41.0,3.0,*,*,*,*,UTD,UTD,3.5471926244993575,UTD
260,MI0146,Hazel Park Memorial District Library,"Class 4: Serve 12,000-25,999",16422.0,74242.0,3308.0,4668.0,47.0,3.0,21662,7665,814,30141,112359,1.8354037267080745,5.006576543660943,6.841980270369017
261,MI0152,Highland Township Public Library,"Class 4: Serve 12,000-25,999",19202.0,76155.0,5265.0,6801.0,117.0,4.0,49412,14756,1094,65262,153600,3.3987084678679302,4.594365170294761,7.9991667534631805
262,MI0153,Holly Township Library,"Class 4: Serve 12,000-25,999",23088.0,31949.0,2784.0,2402.0,38.0,0.0,15000,3131,406,18537,55672,0.8028846153846154,1.608411295911296,2.411295911295911
263,MI0158,Houghton Lake Public Library,"Class 4: Serve 12,000-25,999",15322.0,30586.0,2543.0,4532.0,70.0,4.0,21028,4852,80,25960,63621,1.6942957838402297,2.4579689335595876,4.1522647173998175
264,MI0378,Howard Miller Library,"Class 4: Serve 12,000-25,999",22115.0,65108.0,5764.0,5822.0,121.0,2.0,16778,7131,293,24202,100896,1.0943703368754238,3.46796292109428,4.562333257969704
265,MI0136,Ionia Community Library,"Class 4: Serve 12,000-25,999",21638.0,31951.0,1745.0,1869.0,43.0,4.0,9516,3917,1,13434,49042,0.6208522044551252,1.6436361955818468,2.2664756446991405
266,MI0173,Ishpeming Carnegie Public Library,"Class 4: Serve 12,000-25,999",13600.0,43102.0,1621.0,1554.0,12.0,0.0,8466,3967,265,12698,58987,0.9336764705882353,3.402720588235294,4.3372794117647056
267,MI0181,Kalkaska County Library,"Class 4: Serve 12,000-25,999",17153.0,31295.0,1486.0,1495.0,19.0,1.0,24373,4338,137,28848,63143,1.6818049320818516,1.9982510348044074,3.6811636448434677
268,MI0431,Leanna Hicks Public Library of Inkster,"Class 4: Serve 12,000-25,999",25369.0,32022.0,641.0,644.0,22.0,0.0,47496,19883,852,68231,101538,2.689542354842524,1.3129015727856834,4.0024439276282076
269,MI0198,Lincoln Township Public Library,"Class 4: Serve 12,000-25,999",22258.0,86443.0,9094.0,7168.0,107.0,15.0,17146,3857,667,21670,124375,0.9735825321232815,4.614295983466619,5.5878785155899005
270,MI0204,Lyon Township Public Library,"Class 4: Serve 12,000-25,999",14545.0,47766.0,1992.0,7400.0,148.0,16.0,36374,20333,2922,59629,116787,4.099621863183224,3.9297353042282572,8.029357167411481
271,MI0242,MacDonald Public Library,"Class 4: Serve 12,000-25,999",13452.0,42381.0,1824.0,1918.0,65.0,11.0,13271,4708,61,18040,64163,1.3410645257210823,3.4287094855783526,4.769774011299435
272,MI0213,Manistee County Library,"Class 4: Serve 12,000-25,999",22995.0,63545.0,7058.0,10549.0,179.0,9.0,24360,43234,1344,68938,150090,2.997956077408132,3.529115025005436,6.527071102413569
273,MI0218,Marshall District Library,"Class 4: Serve 12,000-25,999",14948.0,49003.0,3725.0,7628.0,95.0,4.0,19839,4444,0,24283,84639,1.6244982606368745,4.037730800107037,5.662229060743912
274,MI0220,Maud Preston Palenske Memorial Library,"Class 4: Serve 12,000-25,999",18393.0,85712.0,5340.0,3102.0,109.0,4.0,17427,4046,291,21764,116027,1.1832762463980862,5.119012667862774,6.308215081824607
275,MI0226,Menominee County Library,"Class 4: Serve 12,000-25,999",14384.0,47104.0,1681.0,2320.0,51.0,1.0,6891,3646,265,10802,61958,0.7509733036707452,3.5529060066740823,4.307424916573971
276,MI0228,Milan Public Library,"Class 4: Serve 12,000-25,999",17511.0,25302.0,3060.0,5190.0,68.0,0.0,31021,9800,0,40821,74373,2.331163268802467,1.9160527668322769,4.247216035634744
277,MI0229,Milford Public Library,"Class 4: Serve 12,000-25,999",15736.0,68834.0,3403.0,6644.0,195.0,2.0,21167,8045,953,30165,109241,1.916942043721403,5.0127732587697,6.942107269954245
278,MI0231,Missaukee District Library,"Class 4: Serve 12,000-25,999",13097.0,38100.0,745.0,2600.0,60.0,1.0,26500,5000,200,31700,73145,2.4204016186913035,3.1644651446896237,5.584866763380927
279,MI0237,Mount Clemens Public Library,"Class 4: Serve 12,000-25,999",22857.0,70535.0,2480.0,7775.0,83.0,17.0,11310,3031,-1,14340,95130,0.627378921118257,3.5345845911536946,4.161963512271952
280,MI0245,Niles District Library,"Class 4: Serve 12,000-25,999",24520.0,75558.0,2864.0,4954.0,102.0,0.0,13050,2927,289,16266,99744,0.6633768352365416,3.400326264274062,4.067862969004894
281,MI0253,Ogemaw District Library,"Class 4: Serve 12,000-25,999",12561.0,80847.0,2848.0,3816.0,82.0,0.0,21031,4852,0,25883,113394,2.0605843483799062,6.966881617705597,9.027465966085503
282,MI0258,Otsego County Library,"Class 4: Serve 12,000-25,999",24164.0,82448.0,4981.0,7476.0,94.0,39.0,24373,4338,137,28848,123753,1.1938420791259725,3.927536831650389,5.121378910776362
283,MI0259,Otsego District Public Library,"Class 4: Serve 12,000-25,999",14230.0,42149.0,3395.0,6936.0,62.0,2.0,13901,4489,552,18942,71484,1.3311314125087843,3.6879831342234715,5.0234715390021085
284,MI0262,Oxford Public Library,"Class 4: Serve 12,000-25,999",20526.0,65765.0,6350.0,7067.0,133.0,7.0,21662,7665,814,30141,109323,1.4684302835428238,3.8576439637532887,5.326074247296113
285,MI0265,Paw Paw District Library,"Class 4: Serve 12,000-25,999",13579.0,41563.0,1836.0,3665.0,65.0,1.0,12733,2626,289,15648,62712,1.152367626482068,3.465940054495913,4.61830768097798
286,MI0269,Petoskey District Library,"Class 4: Serve 12,000-25,999",16709.0,50000.0,7148.0,4019.0,106.0,2.0,24374,6404,1846,32624,93897,1.9524806990244779,3.66072176671255,5.619546352265246
287,MI0276,Portage Lake District Library,"Class 4: Serve 12,000-25,999",19629.0,50226.0,4182.0,-1.0,95.0,7.0,*,*,*,*,UTD,UTD,2.7717662642009273,UTD
288,MI0278,Portland District Library,"Class 4: Serve 12,000-25,999",13912.0,35576.0,3218.0,3795.0,51.0,6.0,22399,7157,0,29556,72145,2.124496837262795,3.061313973548016,5.1858108108108105
289,MI0279,Presque Isle District Library,"Class 4: Serve 12,000-25,999",14878.0,54904.0,1339.0,5865.0,113.0,7.0,16751,3384,134,20269,82377,1.362347089662589,4.174485817986288,5.536832907648877
290,MI0292,Riverview Veterans Memorial Library,"Class 4: Serve 12,000-25,999",12486.0,56969.0,1723.0,7721.0,45.0,1.0,43686,19883,852,64421,130834,5.15945859362486,5.318997276950184,10.478455870575043
291,MI0315,Salem-South Lyon District Library,"Class 4: Serve 12,000-25,999",16753.0,71257.0,7824.0,12765.0,128.0,24.0,110051,84179,1918,196148,287994,11.708231361547186,5.482361368113174,17.19059272966036
292,MI0355,Spring Lake District Library,"Class 4: Serve 12,000-25,999",18260.0,72342.0,4637.0,8675.0,110.0,13.0,*,*,*,*,UTD,UTD,4.6907995618839,UTD
293,MI0319,Springfield Township Library,"Class 4: Serve 12,000-25,999",13940.0,62478.0,6312.0,6523.0,72.0,7.0,54670,21013,852,76535,151848,5.490315638450502,5.402654232424677,10.892969870875179
294,MI0326,Sturgis District Library,"Class 4: Serve 12,000-25,999",17937.0,44295.0,1453.0,2891.0,76.0,1.0,13686,3108,30000,46794,95433,2.6087974577688575,2.7116574678039806,5.320454925572839
295,MI0333,Tecumseh District Library,"Class 4: Serve 12,000-25,999",18134.0,44295.0,3429.0,3306.0,123.0,5.0,*,*,*,*,UTD,UTD,2.8140509540090437,UTD
296,MI0338,Thornapple Kellogg School and Community Library,"Class 4: Serve 12,000-25,999",15497.0,27328.0,57.0,610.0,17.0,0.0,8832,12057,0,20889,48884,1.3479383106407692,1.8064786732916047,3.154416983932374
297,MI0340,Three Rivers Public Library,"Class 4: Serve 12,000-25,999",14253.0,39724.0,1720.0,2773.0,60.0,11.0,17105,3800,290,21195,65412,1.4870553567669964,3.1022942538412965,4.589349610608293
298,MI0349,Vicksburg District Library,"Class 4: Serve 12,000-25,999",12238.0,28051.0,1993.0,5529.0,31.0,5.0,17062,3879,290,21231,56804,1.734842294492564,2.9067658114070927,4.641608105899657
299,MI0403,Wayne Public Library,"Class 4: Serve 12,000-25,999",17593.0,75736.0,4402.0,6085.0,55.0,0.0,43736,19938,875,64549,150827,3.669016085943273,4.900983345648838,8.573125674984368
300,MI0374,Wixom Public Library,"Class 4: Serve 12,000-25,999",13498.0,48200.0,4265.0,6170.0,97.0,9.0,52331,20536,1815,74682,133414,5.532819676989184,4.343976885464513,9.883982812268485
301,MI9017,Allen Park Public Library,"Class 5: Serve 26,000-49,999",28210.0,54092.0,5100.0,6793.0,74.0,4.0,45833,22796,1556,70185,136244,2.4879475363346333,2.339064161644807,4.8296348812477845
302,MI0411,Allendale Township Library,"Class 5: Serve 26,000-49,999",28283.0,46057.0,3134.0,5783.0,38.0,4.0,*,*,*,*,UTD,UTD,1.9437117703213944,UTD
303,MI0414,Alpena County Library,"Class 5: Serve 26,000-49,999",29598.0,70456.0,1991.0,2752.0,105.0,8.0,9113,9567,24561,43241,118440,1.4609433069802014,2.5406784242178526,4.001621731198054
304,MI0019,Baldwin Public Library,"Class 5: Serve 26,000-49,999",35350.0,95312.0,7176.0,15808.0,297.0,22.0,19791,17364,3379,40534,159127,1.1466478076379067,3.3464214992927865,4.501471004243282
305,MI0430,Belleville Area District Library,"Class 5: Serve 26,000-49,999",42361.0,83214.0,5611.0,6235.0,138.0,4.0,52918,16260,1320,70498,165558,1.664219447132976,2.244045230282571,3.908264677415547
306,MI0037,Bloomfield Township Public Library,"Class 5: Serve 26,000-49,999",41070.0,235420.0,21810.0,25718.0,407.0,82.0,21163,6880,0,28043,310991,0.682809836863891,6.889408327246165,7.572218164110056
307,MI0039,Branch District Library,"Class 5: Serve 26,000-49,999",46905.0,98689.0,1942.0,11460.0,142.0,5.0,*,*,*,*,UTD,UTD,2.389745229719646,UTD
308,MI0043,Brighton District Library,"Class 5: Serve 26,000-49,999",43254.0,77009.0,9139.0,8354.0,140.0,8.0,47541,16484,1510,65535,160177,1.5151199889027605,2.1848152771997964,3.7031719609747076
309,MI0049,Cadillac-Wexford County Public Library,"Class 5: Serve 26,000-49,999",35087.0,74026.0,2360.0,5931.0,150.0,2.0,21950,3813,134,25897,108214,0.738079630632428,2.346082594693191,3.084162225325619
310,MI0055,Cass District Library,"Class 5: Serve 26,000-49,999",38002.0,68221.0,4593.0,9088.0,211.0,4.0,9452,10170,2668,22290,104192,0.5865480764170307,2.155202357770644,2.7417504341876744
311,MI0416,Chesterfield Township Library,"Class 5: Serve 26,000-49,999",43381.0,59328.0,5585.0,7506.0,173.0,10.0,42906,18819,295,62020,134439,1.4296581452709711,1.6693713837855282,3.0990295290564993
312,MI0166,Clarkston Independence District Library,"Class 5: Serve 26,000-49,999",35563.0,87607.0,10319.0,14296.0,116.0,12.0,30275,13361,2310,45946,158168,1.291960745718865,3.1555830497989485,4.447543795517814
313,MI0426,Commerce Township Community Library,"Class 5: Serve 26,000-49,999",40186.0,72811.0,5373.0,10481.0,145.0,9.0,57306,21768,3434,82508,171173,2.0531528392972676,2.206365400885881,4.259518240183148
314,MI0310,Community District Library,"Class 5: Serve 26,000-49,999",28263.0,33808.0,1730.0,5234.0,20.0,3.0,24575,2127,0,26702,67474,0.94476877896897,1.4425927891589712,2.387361568127941
315,MI0075,Cromaine District Library,"Class 5: Serve 26,000-49,999",26391.0,59377.0,6508.0,7479.0,235.0,10.0,*,*,*,*,UTD,UTD,2.779887082717593,UTD
316,MI9009,Delta Township District Library,"Class 5: Serve 26,000-49,999",32799.0,61451.0,6268.0,5425.0,156.0,2.0,29788,7447,0,37235,110379,1.1352480258544468,2.2300679898777402,3.365316015732187
317,MI0085,Dickinson County Library,"Class 5: Serve 26,000-49,999",26168.0,91555.0,6686.0,10519.0,162.0,5.0,8466,3967,265,12698,121458,0.4852491592785081,4.156221339040049,4.641470498318557
318,MI0093,East Lansing Public Library,"Class 5: Serve 26,000-49,999",48579.0,72721.0,4008.0,6279.0,123.0,8.0,29061,31873,37585,98519,181650,2.028016221000844,1.7087218757076104,3.7392700549620206
319,MI0092,Eastpointe Memorial Library,"Class 5: Serve 26,000-49,999",32442.0,60730.0,3859.0,4048.0,84.0,6.0,16541,8477,32,25050,93687,0.7721472165711115,2.1156833734048455,2.887830589975957
320,MI0121,Garden City Public Library,"Class 5: Serve 26,000-49,999",27692.0,46779.0,2322.0,6477.0,34.0,0.0,31113,49010,1333,81456,137034,2.9414993499927777,2.0070056333959267,4.9485049833887045
321,MI0124,Georgetown Township Public Library,"Class 5: Serve 26,000-49,999",46985.0,136299.0,13241.0,8483.0,176.0,0.0,28913,11462,482,40857,198880,0.8695753964031073,3.3632648717675853,4.232840268170693
322,MI0135,Hackley Public Library,"Class 5: Serve 26,000-49,999",40898.0,119494.0,2711.0,6237.0,116.0,3.0,*,*,*,*,UTD,UTD,3.140544769915399,UTD
323,MI0171,Iosco-Arenac District Library,"Class 5: Serve 26,000-49,999",41786.0,110272.0,5168.0,0.0,200.0,4.0,18729,4503,0,23232,138672,0.5559756856363375,2.7626477767673383,3.318623462403676
324,MI0195,Lenawee District Library,"Class 5: Serve 26,000-49,999",40771.0,105202.0,2681.0,5446.0,180.0,9.0,*,*,*,*,UTD,UTD,2.7796472983247895,UTD
325,MI9025,Lincoln Park Public Library,"Class 5: Serve 26,000-49,999",38144.0,39917.0,2055.0,3360.0,28.0,2.0,3891,0,0,3891,49223,0.10200817953020135,1.1884437919463087,1.2904519714765101
326,MI0201,Loutit District Library,"Class 5: Serve 26,000-49,999",35540.0,117251.0,13417.0,9962.0,103.0,12.0,38768,20115,0,58883,199513,1.656809229037704,3.9569499155880696,5.6137591446257735
327,MI0210,Madison Heights Public Library,"Class 5: Serve 26,000-49,999",29694.0,71465.0,2747.0,6253.0,91.0,6.0,50764,18120,823,69707,150172,2.347511281740419,2.7098066949552098,5.057317976695629
328,MI0401,Mason County District Library,"Class 5: Serve 26,000-49,999",28646.0,61050.0,1846.0,8893.0,121.0,11.0,24373,4359,137,28869,100779,1.007784681980032,2.506074146477693,3.5180828038818683
329,MI0248,Northville District Library,"Class 5: Serve 26,000-49,999",34467.0,98253.0,3608.0,14215.0,159.0,59.0,*,*,*,*,UTD,UTD,3.36774305857777,UTD
330,MI0251,Oak Park Public Library,"Class 5: Serve 26,000-49,999",29319.0,78896.0,3867.0,4972.0,65.0,0.0,50654,14751,843,66248,153983,2.2595586479757155,2.992428118285071,5.251986766260787
331,MI0255,Orion Township Public Library,"Class 5: Serve 26,000-49,999",35394.0,90595.0,10348.0,19031.0,220.0,18.0,86701,44029,2926,133656,253850,3.776233259874555,3.389670565632593,7.1721195682884105
332,MI0268,Peter White Public Library,"Class 5: Serve 26,000-49,999",36441.0,156758.0,15775.0,8196.0,199.0,20.0,9113,4438,2308,15859,196588,0.4351966191926676,4.959496171894295,5.394692791086962
333,MI0273,Plymouth District Library,"Class 5: Serve 26,000-49,999",36656.0,192271.0,17320.0,23567.0,364.0,22.0,*,*,*,*,UTD,UTD,6.360704932343954,UTD
334,MI0402,Redford Township District Library,"Class 5: Serve 26,000-49,999",48362.0,122007.0,8483.0,10395.0,120.0,10.0,49307,29281,1529,80117,221002,1.6566105620114966,2.913134278979364,4.569744840990861
335,MI0294,Romeo District Library,"Class 5: Serve 26,000-49,999",33839.0,66592.0,5534.0,15263.0,91.0,5.0,17215,3675,0,20890,108370,0.6173350276308401,2.5824935725050975,3.202517804899672
336,MI0433,Romulus Public Library,"Class 5: Serve 26,000-49,999",39868.0,37755.0,1658.0,2917.0,35.0,5.0,21754,7814,814,30382,72747,0.7620648138858233,1.061753787498746,1.8246964984448681
337,MI0295,Roseville Public Library,"Class 5: Serve 26,000-49,999",47299.0,78706.0,5481.0,9757.0,75.0,8.0,16143,40919,32,57094,151038,1.2070868305883846,1.9861730691980803,3.1932598997864647
338,MI0300,Saline District Library,"Class 5: Serve 26,000-49,999",26376.0,103617.0,10784.0,11669.0,212.0,20.0,45686,16681,853,63220,189290,2.396875947831362,4.779723991507431,7.176599939338793
339,MI0261,Shiawassee District Library,"Class 5: Serve 26,000-49,999",27920.0,67175.0,5190.0,2849.0,106.0,19.0,16052,2565,0,18617,93831,0.6667979942693409,2.6939111747851,3.360709169054441
340,MI0434,Southgate Veterans Memorial Library,"Class 5: Serve 26,000-49,999",30047.0,77749.0,8535.0,8137.0,40.0,4.0,51382,18634,1085,71101,165562,2.366326089127034,3.1424435051752253,5.510100842014178
341,MI0022,Superior District Library,"Class 5: Serve 26,000-49,999",43031.0,217304.0,8405.0,14920.0,260.0,18.0,8828,4309,285,13422,254051,0.3119146661709,5.591991819850805,5.903906486021706
342,MI0345,Van Buren District Library,"Class 5: Serve 26,000-49,999",44265.0,138060.0,3492.0,15452.0,332.0,6.0,17062,3879,2900,23841,181177,0.5385970857336496,3.5469106517564666,4.0930080198802665
343,MI0366,White Lake Township Library,"Class 5: Serve 26,000-49,999",30019.0,64312.0,2219.0,5422.0,110.0,6.0,44489,16615,824,61928,133881,2.0629601252540057,2.3969152869849095,4.459875412238915
344,MI0012,Ann Arbor District Library,"Class 6: Serve 50,000+",163590.0,321091.0,70127.0,69842.0,1207.0,35.0,37261,44817,1351,83429,544489,0.5099883855981417,2.8183874319946205,3.3283758175927622
345,MI0021,Bay County Library System,"Class 6: Serve 50,000+",107681.0,245565.0,23249.0,27148.0,294.0,13.0,9440,0,0,9440,305402,0.08766634782366434,2.7485071646808628,2.8361735125045273
346,MI0052,Canton Public Library,"Class 6: Serve 50,000+",90173.0,232472.0,31781.0,55295.0,414.0,34.0,32946,71125,30627,134698,454660,1.4937730806338927,3.543721513091502,5.042085768467279
347,MI0424,Capital Area District Libraries,"Class 6: Serve 50,000+",238859.0,386349.0,47752.0,88725.0,586.0,11.0,129822,114106,42267,286195,809021,1.1981754926546624,2.1888478139823078,3.3870233066369697
348,MI0348,Chippewa River District Library System,"Class 6: Serve 50,000+",51640.0,125164.0,8082.0,15610.0,280.0,4.0,28250,7215,1474,36939,185795,0.7153175832687839,2.882571649883811,3.597889233152595
349,MI0397,Clinton-Macomb Public Library,"Class 6: Serve 50,000+",169833.0,285937.0,39863.0,52784.0,343.0,0.0,15961,4087,182,20230,398814,0.11911701494998027,2.2291545223837534,2.3482715373337335
350,MI0425,Dearborn Heights City Libraries,"Class 6: Serve 50,000+",57774.0,116288.0,2467.0,13305.0,281.0,11.0,17811,3546,0,21357,153417,0.36966455499013395,2.2858033025236266,2.6554678575137607
351,MI0078,Dearborn Public Library,"Class 6: Serve 50,000+",98153.0,150837.0,16001.0,39467.0,355.0,21.0,*,*,*,*,UTD,UTD,2.1018715678583435,UTD
352,MI0083,Detroit Public Library,"Class 6: Serve 50,000+",713777.0,1760316.0,40710.0,176233.0,34163.0,77.0,10580,4159,0,14739,1991998,0.02064930643604375,2.7701354904963313,2.790784796932375
353,MI0105,Farmington Community Library,"Class 6: Serve 50,000+",90112.0,227634.0,22765.0,35272.0,460.0,23.0,36300,45137,11812,93249,378920,1.0348122336647727,3.1701771129261362,4.204989346590909
354,MI0111,Flint Public Library,"Class 6: Serve 50,000+",102434.0,165426.0,22143.0,14105.0,37.0,10.0,9071,4610,0,13681,215355,0.13355916980690005,1.9688189468340591,2.102378116640959
355,MI0123,Genesee District Library,"Class 6: Serve 50,000+",332567.0,469965.0,27072.0,98587.0,482.0,13.0,53676,32697,6992,93365,689471,0.2807404222307084,1.790989484825614,2.0731792390706234
356,MI0129,Grace A. Dow Memorial Library,"Class 6: Serve 50,000+",76707.0,174224.0,16011.0,8956.0,238.0,17.0,*,*,*,*,UTD,UTD,2.596777347569322,UTD
357,MI0131,Grand Rapids Public Library,"Class 6: Serve 50,000+",188040.0,709579.0,58046.0,59285.0,419.0,54.0,37148,51567,0,88715,915625,0.47178791746436927,4.397521803871516,4.869309721335886
358,MI0134,Grosse Pointe Public Library,"Class 6: Serve 50,000+",51133.0,157634.0,18059.0,24724.0,322.0,1.0,*,*,*,*,UTD,UTD,3.919523595329826,UTD
359,MI0150,Herrick District Library,"Class 6: Serve 50,000+",102423.0,233507.0,22806.0,24797.0,237.0,30.0,106583,69781,10976,187340,468687,1.829081358679203,2.7445983812229673,4.575993673296037
360,MI0160,Howell Carnegie District Library,"Class 6: Serve 50,000+",52529.0,110760.0,12659.0,25063.0,214.0,23.0,84280,44179,4246,132705,281187,2.5263187953321022,2.826667174322755,5.352985969654857
361,MI0175,Jackson District Library,"Class 6: Serve 50,000+",160248.0,351897.0,27454.0,48713.0,363.0,23.0,77936,57178,15471,150585,578649,0.9396997154410663,2.671259547701063,3.6109592631421297
362,MI0180,Kalamazoo Public Library,"Class 6: Serve 50,000+",123979.0,365797.0,16128.0,44518.0,346.0,24.0,*,*,*,*,UTD,UTD,3.439638971116076,UTD
363,MI0182,Kent District Library,"Class 6: Serve 50,000+",395660.0,745523.0,72640.0,87750.0,1666.0,25.0,153538,199361,16121,369020,1274933,0.9326694636809382,2.2896249304958802,3.2222943941768185
364,MI0190,Lapeer District Library,"Class 6: Serve 50,000+",60006.0,84701.0,4093.0,6745.0,170.0,8.0,16849,5490,804,23143,118682,0.385678098856781,1.5921574509215746,1.9778355497783555
365,MI0200,Livonia Public Library,"Class 6: Serve 50,000+",96942.0,181250.0,16525.0,15597.0,182.0,4.0,8494,11289,1559,21342,234714,0.2201522559881166,2.2010274184563965,2.421179674444513
366,MI0233,Monroe County Library System,"Class 6: Serve 50,000+",149955.0,345644.0,22679.0,42311.0,654.0,9.0,19957,47570,6183,73710,484344,0.49154746423927176,2.7383815144543364,3.229928978693608
367,MI0240,Muskegon Area District Library,"Class 6: Serve 50,000+",105852.0,163563.0,9797.0,19437.0,560.0,14.0,*,*,*,*,UTD,UTD,1.821382685258663,UTD
368,MI0250,Novi Public Library,"Class 6: Serve 50,000+",55374.0,138683.0,9293.0,19900.0,167.0,20.0,55383,28742,2345,86470,254346,1.561563188500018,3.0316755155849315,4.59323870408495
369,MI0274,Pontiac Public Library,"Class 6: Serve 50,000+",59515.0,34750.0,2432.0,5953.0,96.0,9.0,21662,0,814,22476,65611,0.3776526925985046,0.7247752667394775,1.102427959337982
370,MI0277,Portage District Library,"Class 6: Serve 50,000+",52170.0,159958.0,15551.0,14142.0,151.0,58.0,84627,53810,3788,142225,331876,2.7261836304389497,3.635250143760782,6.361433774199732
371,MI0299,Public Libraries of Saginaw,"Class 6: Serve 50,000+",124690.0,293757.0,16232.0,15445.0,386.0,17.0,4100,1300,0,5400,330834,0.04330740235784746,2.6099446627636538,2.6532520651215012
372,MI0293,Rochester Hills Public Library,"Class 6: Serve 50,000+",100485.0,211835.0,18901.0,48232.0,332.0,14.0,16190,8533,2,24725,303693,0.2460566253669702,2.7762153555257005,3.0222719808926706
373,MI0296,Royal Oak Public Library,"Class 6: Serve 50,000+",57236.0,125051.0,8743.0,10741.0,104.0,30.0,*,*,*,*,UTD,UTD,2.5252463484520233,UTD
374,MI0321,Saint Clair County Library System,"Class 6: Serve 50,000+",160312.0,354997.0,38864.0,53648.0,1249.0,9.0,11913,17384,2681,31978,479487,0.19947352662308498,2.7914878486950445,2.9909613753181294
375,MI0322,Saint Clair Shores Public Library,"Class 6: Serve 50,000+",59715.0,100627.0,6940.0,7963.0,188.0,6.0,18566,4411,84,23061,138591,0.38618437578497866,1.9346897764380808,2.3208741522230594
376,MI0308,Shelby Township Library,"Class 6: Serve 50,000+",73804.0,104337.0,7144.0,8160.0,208.0,8.0,19765,44145,0,63910,183759,0.8659422253536394,1.6210638989756654,2.4898243997615306
377,MI0316,Southfield Public Library,"Class 6: Serve 50,000+",75814.0,200224.0,10529.0,22565.0,148.0,51.0,1770,1238,0,3008,236326,0.039676049278497376,3.077505473923022,3.1171815232015194
378,MI0325,Sterling Heights Public Library,"Class 6: Serve 50,000+",129699.0,172302.0,10098.0,23500.0,165.0,8.0,62070,51603,0,113673,319738,0.8764369810098768,1.5875218775780846,2.4652310349347335
379,MI9024,Taylor Community Library,"Class 6: Serve 50,000+",63131.0,114561.0,3964.0,6713.0,0.0,7.0,36565,7833,1892,46290,171528,0.7332372368566948,1.9837797595476074,2.7170169964043023
380,MI0342,Traverse Area District Library,"Class 6: Serve 50,000+",97396.0,220257.0,53248.0,31828.0,372.0,16.0,13161,19180,5014,37355,343060,0.3835373115939053,3.1349644749271017,3.5223212452256765
381,MI9020,Trenton Veteran's Memorial Library,"Class 6: Serve 50,000+",72726.0,106581.0,5545.0,3776.0,84.0,4.0,43686,19883,852,64421,180323,0.8858042515744026,1.5936803894068146,2.4794846409812172
382,MI0343,Troy Public Library,"Class 6: Serve 50,000+",80980.0,155291.0,17410.0,28280.0,170.0,19.0,*,*,*,*,UTD,UTD,2.481859718449,UTD
383,MI0356,Warren Public Library,"Class 6: Serve 50,000+",134056.0,244176.0,28675.0,20452.0,410.0,8.0,47466,31895,1000,80361,373664,0.5994584352807781,2.1879140060870084,2.7873724413677867
384,MI0358,Waterford Township Public Library,"Class 6: Serve 50,000+",71997.0,109510.0,6312.0,4326.0,198.0,10.0,25689,13055,815,39559,159707,0.5494534494492826,1.6687917552120228,2.2182452046613053
385,MI0362,West Bloomfield Township Public Library,"Class 6: Serve 50,000+",71755.0,142189.0,16842.0,35847.0,501.0,44.0,40197,31693,6240,78130,273008,1.0888439829977006,2.7158804264511183,3.804724409448819
386,MI0371,Willard Public Library,"Class 6: Serve 50,000+",89779.0,159035.0,17311.0,22745.0,160.0,12.0,90889,40086,7941,138916,338007,1.547310618296038,2.2175675826195436,3.7648782009155815
387,MI0415,William P. Faust Public Library of Westland,"Class 6: Serve 50,000+",84094.0,134428.0,11437.0,14498.0,137.0,8.0,24637,24637,18224,67498,227861,0.8026494161295693,1.906949366185459,2.7095987823150285
388,MI0377,Ypsilanti District Library,"Class 6: Serve 50,000+",82974.0,210024.0,15924.0,28529.0,168.0,9.0,48784,50786,9864,109434,363911,1.31889507556584,3.066948682719888,4.385843758285728
389,,,,,,,,,,,,,,,,,
390,,Total Libraries Reporting (N),389,,,,,,,,,,,,,,
391,,Total Libraries Reporting (N),389,,,,,,,,,,,,,,
392,,,Total,9842571.0,25209525.0,1764922.0,2770602.0,70241.0,2504.0,7269489,4274549,598737,12142775,38521014,,,
393,,,Average,25302.23907455013,64805.97686375321,4537.074550128535,7122.370179948586,180.5681233933162,6.4370179948586115,20477.4338028169,12040.983098591549,1686.5830985915493,34205,108509.8985915493,3.6830091298624312,4.555478538986862,8.336703390079247
394,,,,,,,,,,,,,,,,,
395,,,,,,,,,,,,,,,,,
396,,*included the entire Hoopla catalog as collection,,,,,,,,,,,,,,,
397,,UTD = Unable to Determine,,,,,,,,,,,,,,,
398,End of worksheet,,,,,,,,,,,,,,,,
