,FSCS,Location,Library Class,Total Population Served,Print Materials Expenditure,Other Materials Expenditure,Electronic Materials Expenditure,Total Collection Expenditures,Salaries and Wages,Employee Benefits,Total Staff Expenditures,Other Operating Expenditures,Total Operating Expenditures,Total Operating Expenditures Per Capita
0,MI0147,Alden District Library,"Class 1: Serve 3,999 or less",1285.0,9379.0,2204.0,2338.0,13921.0,65494.0,5010.0,70504.0,37773.0,122198.0,95.09571984435797
1,MI9010,Ashley District Library,"Class 1: Serve 3,999 or less",3248.0,6364.0,0.0,1970.0,8334.0,2100.0,0.0,2100.0,0.0,10434.0,3.2124384236453203
2,MI0023,Beaver Island District Library,"Class 1: Serve 3,999 or less",657.0,7125.0,2375.0,2000.0,11500.0,68385.0,6780.0,75165.0,55904.0,142569.0,217.0
3,MI0024,Bellaire Public Library,"Class 1: Serve 3,999 or less",3769.0,17463.0,11931.0,2000.0,31394.0,72636.0,5798.0,78434.0,36888.0,146716.0,38.92703634916423
4,MI0025,Bellevue Township Library,"Class 1: Serve 3,999 or less",3150.0,1700.0,0.0,250.0,1950.0,19561.0,3774.0,23335.0,12127.0,37412.0,11.876825396825398
5,MI0114,Benzie Shores District Library,"Class 1: Serve 3,999 or less",3811.0,21346.0,6134.0,6524.0,34004.0,126100.0,29060.0,155160.0,130464.0,319628.0,83.86985043295724
6,MI0029,Benzonia Public Library,"Class 1: Serve 3,999 or less",3623.0,8440.0,2935.0,1459.0,12834.0,55757.0,4490.0,60247.0,49052.0,122133.0,33.71046094396909
7,MI0033,Betsie Valley District Library,"Class 1: Serve 3,999 or less",2937.0,4178.0,408.0,1345.0,5931.0,43017.0,3291.0,46308.0,15243.0,67482.0,22.97650663942799
8,MI0048,Burr Oak Township Library,"Class 1: Serve 3,999 or less",2611.0,400.0,370.0,0.0,770.0,20300.0,1500.0,21800.0,200.0,22770.0,8.720796629643814
9,MI0053,Carp Lake Township Library,"Class 1: Serve 3,999 or less",722.0,1622.0,436.0,250.0,2308.0,13928.0,1065.0,14993.0,9223.0,26524.0,36.73684210526316
10,MI0058,Central Lake District Library,"Class 1: Serve 3,999 or less",3995.0,8026.0,0.0,3945.0,11971.0,77277.0,5912.0,83189.0,53920.0,149080.0,37.31664580725907
11,MI0062,Chase Township Public Library,"Class 1: Serve 3,999 or less",1854.0,319.0,2733.0,0.0,3052.0,11911.0,4756.0,16667.0,8449.0,28168.0,15.19309600862999
12,MI0065,Clinton Township Public Library,"Class 1: Serve 3,999 or less",3604.0,11431.0,3657.0,72.0,15160.0,93718.0,7168.0,100886.0,41881.0,157927.0,43.81992230854606
13,MI0068,Colon Township Library,"Class 1: Serve 3,999 or less",3803.0,10256.0,1799.0,2746.0,14801.0,71121.0,0.0,71121.0,46734.0,132656.0,34.881935314225615
14,MI0069,Columbia Township Library,"Class 1: Serve 3,999 or less",2373.0,7371.0,2527.0,982.0,10880.0,43255.0,3581.0,46836.0,19715.0,77431.0,32.63000421407501
15,MI0076,Crooked Tree District Library,"Class 1: Serve 3,999 or less",3953.0,12132.0,209.0,3487.0,15828.0,67345.0,5152.0,72497.0,41512.0,129837.0,32.84518087528459
16,MI0429,Croton Township Library,"Class 1: Serve 3,999 or less",3228.0,14243.0,7081.0,729.0,22053.0,42600.0,3600.0,46200.0,600.0,68853.0,21.32992565055762
17,MI0077,Crystal Falls District Community Library,"Class 1: Serve 3,999 or less",3453.0,14525.0,3627.0,11482.0,29634.0,102701.0,7327.0,110028.0,40786.0,180448.0,52.25832609325224
18,MI0417,Curtis Township Library,"Class 1: Serve 3,999 or less",1236.0,2657.0,76.0,767.0,3500.0,29572.0,800.0,30372.0,9403.0,43275.0,35.012135922330096
19,MI0034,Darcy Library of Beulah,"Class 1: Serve 3,999 or less",3179.0,12469.0,4676.0,914.0,18059.0,47961.0,0.0,47961.0,24897.0,90917.0,28.599245045611827
20,MI0099,Elk Township Library,"Class 1: Serve 3,999 or less",2769.0,6879.0,0.0,63.0,6942.0,26299.0,2071.0,28370.0,7408.0,42720.0,15.42795232936078
21,MI0100,Elsie Public Library,"Class 1: Serve 3,999 or less",3738.0,9037.0,1148.0,1430.0,11615.0,45933.0,3514.0,49447.0,16807.0,77869.0,20.831728196896737
22,MI0103,Fairgrove District Library,"Class 1: Serve 3,999 or less",3112.0,13359.0,3063.0,0.0,16422.0,115857.0,28708.0,144565.0,19648.0,180635.0,58.04466580976864
23,MI0109,Fife Lake Public Library,"Class 1: Serve 3,999 or less",2791.0,16094.0,2446.0,0.0,18540.0,88835.0,6796.0,95631.0,46780.0,160951.0,57.66786098172698
24,MI0115,Franklin Public Library,"Class 1: Serve 3,999 or less",3150.0,10342.0,4640.0,5349.0,20331.0,60015.0,26754.0,86769.0,119191.0,226291.0,71.8384126984127
25,MI0120,Galien Township Public Library,"Class 1: Serve 3,999 or less",3043.0,5477.0,1797.0,2000.0,9274.0,42776.0,2800.0,45576.0,43326.0,98176.0,32.26289845547157
26,MI0376,George W. Spindler Memorial Library,"Class 1: Serve 3,999 or less",2047.0,5060.0,1134.0,712.0,6906.0,20166.0,1565.0,21731.0,7852.0,36489.0,17.825598436736687
27,MI0128,Glen Lake Community Library,"Class 1: Serve 3,999 or less",3650.0,14330.0,6052.0,5341.0,25723.0,105326.0,16857.0,122183.0,73562.0,221468.0,60.67616438356164
28,MI0436,Goodland Township Library,"Class 1: Serve 3,999 or less",1828.0,2483.0,1600.0,0.0,4083.0,17133.0,0.0,17133.0,22170.0,43386.0,23.73413566739606
29,MI0155,Homer Public Library,"Class 1: Serve 3,999 or less",3926.0,26138.0,2904.0,0.0,29042.0,102844.0,23440.0,126284.0,45134.0,200460.0,51.05960264900662
30,MI0167,Indian River Area Library,"Class 1: Serve 3,999 or less",3038.0,8701.0,0.0,1474.0,10175.0,59332.0,0.0,59332.0,39768.0,109275.0,35.96938775510204
31,MI0187,Lake Linden-Hubbell School/Public Library,"Class 1: Serve 3,999 or less",3730.0,3488.0,454.0,5472.0,9414.0,23875.0,8327.0,32202.0,2343.0,43959.0,11.785254691689008
32,MI0191,Lawrence Memorial Public Library,"Class 1: Serve 3,999 or less",2735.0,1745.0,884.0,0.0,2629.0,1255.0,0.0,1255.0,13800.0,17684.0,6.465813528336381
33,MI0192,Lawton Public Library,"Class 1: Serve 3,999 or less",1900.0,19558.0,3305.0,3487.0,26350.0,74090.0,18633.0,92723.0,20373.0,139446.0,73.39263157894737
34,MI0193,Leelanau Township Library,"Class 1: Serve 3,999 or less",2027.0,13493.0,3356.0,1003.0,17852.0,61610.0,34897.0,96507.0,20110.0,134469.0,66.3389245189936
35,MI0197,LeRoy Community Library,"Class 1: Serve 3,999 or less",2835.0,2563.0,154.0,0.0,2717.0,11247.0,0.0,11247.0,11035.0,24999.0,8.817989417989418
36,MI0199,Litchfield District Library,"Class 1: Serve 3,999 or less",2372.0,1995.0,180.0,0.0,2175.0,28933.0,2259.0,31192.0,53220.0,86587.0,36.50379426644182
37,MI0205,Lyons Township District Library,"Class 1: Serve 3,999 or less",3667.0,4460.0,1445.0,367.0,6272.0,68853.0,0.0,68853.0,62171.0,137296.0,37.4409599127352
38,MI0207,Mackinac Island Public Library,"Class 1: Serve 3,999 or less",492.0,7510.0,2798.0,300.0,10608.0,40698.0,3650.0,44348.0,16441.0,71397.0,145.1158536585366
39,MI0215,Maple Rapids Public Library,"Class 1: Serve 3,999 or less",3115.0,3365.0,1863.0,0.0,5228.0,18647.0,125.0,18772.0,12110.0,36110.0,11.592295345104334
40,MI0227,Merrill District Library,"Class 1: Serve 3,999 or less",3433.0,4520.0,264.0,0.0,4784.0,41459.0,5349.0,46808.0,32431.0,84023.0,24.475094669385378
41,MI0238,Mulliken District Library,"Class 1: Serve 3,999 or less",1848.0,6968.0,3751.0,0.0,10719.0,32329.0,2705.0,35034.0,26292.0,72045.0,38.98538961038961
42,MI0247,North Branch Township Library,"Class 1: Serve 3,999 or less",3645.0,11577.0,2513.0,2000.0,16090.0,108270.0,8276.0,116546.0,63251.0,195887.0,53.741289437585735
43,MI0254,Ontonagon Township Library,"Class 1: Serve 3,999 or less",3679.0,4205.0,300.0,300.0,4805.0,37823.0,3047.0,40870.0,9263.0,54938.0,14.93286219081272
44,MI0256,Osceola Township School Public Library,"Class 1: Serve 3,999 or less",1830.0,1455.0,852.0,0.0,2307.0,12814.0,12736.0,25550.0,733.0,28590.0,15.62295081967213
45,MI0267,Pentwater Township Library,"Class 1: Serve 3,999 or less",1939.0,12991.0,8692.0,2862.0,24545.0,97915.0,4368.0,102283.0,9041.0,135869.0,70.07168643630737
46,MI0427,Ray Township Public Library,"Class 1: Serve 3,999 or less",3739.0,3134.0,1982.0,2097.0,7213.0,33988.0,2655.0,36643.0,19843.0,63699.0,17.03637336186146
47,MI0285,Republic-Michigamme Public Library,"Class 1: Serve 3,999 or less",1508.0,3010.0,0.0,0.0,3010.0,15175.0,6871.0,22046.0,10317.0,35373.0,23.45689655172414
48,MI0287,Richfield Township Public Library,"Class 1: Serve 3,999 or less",3731.0,3261.0,2655.0,222.0,6138.0,32782.0,2519.0,35301.0,13802.0,55241.0,14.805950147413562
49,MI0289,Richland Township Library,"Class 1: Serve 3,999 or less",3674.0,11054.0,4783.0,0.0,15837.0,48243.0,4050.0,52293.0,15461.0,83591.0,22.75204137180185
50,MI0291,Richmond Township Library,"Class 1: Serve 3,999 or less",882.0,5697.0,0.0,350.0,6047.0,18956.0,17.0,18973.0,7639.0,32659.0,37.028344671201815
51,MI0305,Schoolcraft Community Library,"Class 1: Serve 3,999 or less",3775.0,8805.0,1186.0,712.0,10703.0,132098.0,3114.0,135212.0,52738.0,198653.0,52.62331125827814
52,MI0307,Seville Township Public Library,"Class 1: Serve 3,999 or less",3138.0,7327.0,676.0,360.0,8363.0,40793.0,0.0,40793.0,11233.0,60389.0,19.24442319949012
53,MI0311,Sleeper Public Library,"Class 1: Serve 3,999 or less",3428.0,5148.0,1249.0,1364.0,7761.0,41083.0,3155.0,44238.0,34310.0,86309.0,25.177654609101516
54,MI0312,Sodus Township Library,"Class 1: Serve 3,999 or less",1932.0,3700.0,700.0,400.0,4800.0,22000.0,4500.0,26500.0,20946.0,52246.0,27.042443064182194
55,MI0327,Sunfield District Library,"Class 1: Serve 3,999 or less",2387.0,5464.0,4961.0,0.0,10425.0,40746.0,3117.0,43863.0,20442.0,74730.0,31.307080016757435
56,MI0334,Tekonsha Township Public Library,"Class 1: Serve 3,999 or less",1873.0,5639.0,669.0,408.0,6716.0,19772.0,1513.0,21285.0,12694.0,40695.0,21.727175654030965
57,MI0341,Topinabee Public Library,"Class 1: Serve 3,999 or less",2294.0,3978.0,100.0,640.0,4718.0,23178.0,1769.0,24947.0,13304.0,42969.0,18.731037489102004
58,MI0346,Vermontville Township Library,"Class 1: Serve 3,999 or less",3895.0,8021.0,3350.0,325.0,11696.0,47800.0,3600.0,51400.0,20071.0,83167.0,21.35224646983312
59,MI0350,Wakefield Public Library,"Class 1: Serve 3,999 or less",2156.0,6458.0,834.0,1519.0,8811.0,28719.0,26775.0,55494.0,14532.0,78837.0,36.566326530612244
60,MI0351,Waldron District Library,"Class 1: Serve 3,999 or less",2475.0,2807.0,0.0,192.0,2999.0,36517.0,2794.0,39311.0,22571.0,64881.0,26.214545454545455
61,MI0352,Walkerville Public/School Library,"Class 1: Serve 3,999 or less",1968.0,700.0,0.0,0.0,700.0,9280.0,7961.0,17241.0,6270.0,24211.0,12.302337398373984
62,MI0359,Watertown Township Library,"Class 1: Serve 3,999 or less",2202.0,2200.0,0.0,0.0,2200.0,13250.0,0.0,13250.0,1527.0,16977.0,7.709809264305177
63,MI0365,Wheatland Township Library,"Class 1: Serve 3,999 or less",2913.0,10166.0,0.0,0.0,10166.0,47556.0,5582.0,53138.0,14704.0,78008.0,26.779265362169586
64,MI0369,Whitefish Township Community Library,"Class 1: Serve 3,999 or less",575.0,4353.0,2662.0,260.0,7275.0,18284.0,0.0,18284.0,9811.0,35370.0,61.51304347826087
65,MI0375,Wolverine Community Library,"Class 1: Serve 3,999 or less",2738.0,13326.0,2948.0,848.0,17122.0,39169.0,7972.0,47141.0,16850.0,81113.0,29.62490869247626
66,MI0405,Addison Township Public Library,"Class 2: Serve 4,000-6,999",6351.0,12329.0,4718.0,4053.0,21100.0,109094.0,8344.0,117438.0,102413.0,240951.0,37.93906471421823
67,MI0149,Almont District Library,"Class 2: Serve 4,000-6,999",6583.0,24089.0,6543.0,1500.0,32132.0,173358.0,61943.0,235301.0,74733.0,342166.0,51.97721403615373
68,MI0013,Armada Free Public Library,"Class 2: Serve 4,000-6,999",5379.0,23034.0,3053.0,4255.0,30342.0,136866.0,10470.0,147336.0,91775.0,269453.0,50.09351180516825
69,MI0014,Athens Community Library,"Class 2: Serve 4,000-6,999",4265.0,2420.0,394.0,340.0,3154.0,30039.0,4657.0,34696.0,11024.0,48874.0,11.459320046893318
70,MI0018,Bad Axe District Library,"Class 2: Serve 4,000-6,999",6621.0,14142.0,1538.0,7592.0,23272.0,135336.0,15298.0,150634.0,46362.0,220268.0,33.26808639178372
71,MI0020,Barryton Public Library,"Class 2: Serve 4,000-6,999",4075.0,11099.0,2140.0,1013.0,14252.0,100390.0,7580.0,107970.0,27510.0,149732.0,36.7440490797546
72,MI0032,Bessemer Public Library,"Class 2: Serve 4,000-6,999",5414.0,14300.0,665.0,350.0,15315.0,50443.0,20127.0,70570.0,13745.0,99630.0,18.402290358330255
73,MI0042,Bridgman Public Library,"Class 2: Serve 4,000-6,999",6296.0,13810.0,4127.0,6127.0,24064.0,225400.0,1029.0,226429.0,150470.0,400963.0,63.685355781448536
74,MI0044,Brown City Public Library,"Class 2: Serve 4,000-6,999",4005.0,2739.0,147.0,0.0,2886.0,31967.0,1076.0,33043.0,24762.0,60691.0,15.153807740324595
75,MI0051,Camden Township Library,"Class 2: Serve 4,000-6,999",4191.0,1300.0,1000.0,1102.0,3402.0,32737.0,0.0,32737.0,13721.0,49860.0,11.896921975662133
76,MI0066,Coleman Area Library,"Class 2: Serve 4,000-6,999",4622.0,7318.0,1955.0,2392.0,11665.0,99312.0,2611.0,101923.0,40244.0,153832.0,33.282561661618345
77,MI0071,Constantine Township Library,"Class 2: Serve 4,000-6,999",4986.0,15711.0,1985.0,960.0,18656.0,98807.0,0.0,98807.0,45894.0,163357.0,32.763136782992376
78,MI0080,Deckerville Public Library,"Class 2: Serve 4,000-6,999",4514.0,11949.0,564.0,2423.0,14936.0,44293.0,0.0,44293.0,19698.37,78927.37,17.485017722640674
79,MI0373,Dorothy Hull Library - Windsor Township,"Class 2: Serve 4,000-6,999",6838.0,18515.0,1123.0,446.0,20084.0,81683.0,5385.0,87068.0,37467.0,144619.0,21.14931266452179
80,MI0088,Dowling Public Library,"Class 2: Serve 4,000-6,999",4869.0,4323.0,1000.0,0.0,5323.0,39668.0,0.0,39668.0,19941.0,64932.0,13.335797905113987
81,MI0089,Dryden Township Library,"Class 2: Serve 4,000-6,999",4768.0,15559.0,4203.0,2200.0,21962.0,56718.0,3517.0,60235.0,38711.0,120908.0,25.358221476510067
82,MI0098,Elk Rapids District Library,"Class 2: Serve 4,000-6,999",5432.0,18759.0,1638.0,3472.0,23869.0,181062.0,20661.0,201723.0,64608.0,290200.0,53.424153166421206
83,MI0112,Forsyth Township Public Library,"Class 2: Serve 4,000-6,999",6164.0,14856.0,1572.0,750.0,17178.0,95610.0,20526.0,116136.0,59021.0,192335.0,31.20295262816353
84,MI0117,Freeport District Library,"Class 2: Serve 4,000-6,999",5641.0,5608.0,1747.0,2835.0,10190.0,56875.0,4345.0,61220.0,31711.0,103121.0,18.280624002836376
85,MI0140,Harbor Beach Area District Library,"Class 2: Serve 4,000-6,999",6119.0,12809.0,4767.0,7469.0,25045.0,196537.0,58461.0,254998.0,157731.0,437774.0,71.5433894427194
86,MI0144,Hartford Public Library,"Class 2: Serve 4,000-6,999",6582.0,17112.0,2927.0,4350.0,24389.0,115088.0,8781.0,123869.0,96783.0,245041.0,37.22895776359769
87,MI0151,Hesperia Community Library,"Class 2: Serve 4,000-6,999",5933.0,17555.0,1498.0,3182.0,22235.0,119110.0,950.0,120060.0,99021.0,241316.0,40.67352098432496
88,MI0154,Home Township Library,"Class 2: Serve 4,000-6,999",4220.0,6158.0,1527.0,4947.0,12632.0,51839.0,6119.0,57958.0,25887.0,96477.0,22.86184834123223
89,MI0157,Hopkins District Library,"Class 2: Serve 4,000-6,999",4610.0,3422.0,1548.0,2458.0,7428.0,54494.0,0.0,54494.0,44455.0,106377.0,23.07527114967462
90,MI0159,Howe Memorial Library,"Class 2: Serve 4,000-6,999",5531.0,4553.0,165.0,664.0,5382.0,50332.0,14173.0,64505.0,31434.0,101321.0,18.318748870005425
91,MI0161,Hudson Carnegie District Library,"Class 2: Serve 4,000-6,999",5107.0,11437.0,500.0,2429.0,14366.0,56158.0,7800.0,63958.0,37913.0,116237.0,22.760328960250636
92,MI0170,Interlochen Public Library,"Class 2: Serve 4,000-6,999",5784.0,9543.0,4725.0,0.0,14268.0,143772.0,0.0,143772.0,61819.0,219859.0,38.0115836791148
93,MI0172,Ironwood Carnegie Library,"Class 2: Serve 4,000-6,999",5713.0,13128.0,1987.0,1150.0,16265.0,51087.0,26140.0,77227.0,42622.0,136114.0,23.825310694906353
94,MI0174,J. C. Wheeler Public Library,"Class 2: Serve 4,000-6,999",6443.0,6250.0,2958.0,0.0,9208.0,44108.0,4124.0,48232.0,14611.0,72051.0,11.182834083501474
95,MI0176,Jacquelin E. Opperman Memorial Library,"Class 2: Serve 4,000-6,999",4080.0,1924.0,541.0,1795.0,4260.0,25357.0,11706.0,37063.0,6513.0,47836.0,11.724509803921569
96,MI0178,Jonesville District Library,"Class 2: Serve 4,000-6,999",5210.0,11688.0,3895.0,3675.0,19258.0,82750.0,7219.0,89969.0,51595.0,160822.0,30.867946257197698
97,MI0179,Jordan Valley District Library,"Class 2: Serve 4,000-6,999",6997.0,28308.0,3177.0,4054.0,35539.0,137657.0,26593.0,164250.0,91868.0,291657.0,41.683149921394886
98,MI0188,Lake Odessa Community Library,"Class 2: Serve 4,000-6,999",4168.0,11612.0,9323.0,5073.0,26008.0,117294.0,11948.0,129242.0,110238.0,265488.0,63.69673704414587
99,MI0422,Leighton Township Library,"Class 2: Serve 4,000-6,999",4934.0,24680.0,14223.0,1314.0,40217.0,114992.0,7762.0,122754.0,59136.0,222107.0,45.0156059991893
100,MI0194,Leland Township Public Library,"Class 2: Serve 4,000-6,999",5857.0,14599.0,9019.0,2843.0,26461.0,96971.0,22880.0,119851.0,43191.0,189503.0,32.35495987707017
101,MI0203,Luther Area Public Library,"Class 2: Serve 4,000-6,999",4141.0,3331.0,605.0,896.0,4832.0,27875.0,2571.0,30446.0,26724.0,62002.0,14.972711905336876
102,MI0206,M. Alice Chapin Memorial Library,"Class 2: Serve 4,000-6,999",4197.0,4450.0,0.0,226.0,4676.0,35838.0,6592.0,42430.0,19246.0,66352.0,15.809387657850845
103,MI0208,Mackinaw Area Public Library,"Class 2: Serve 4,000-6,999",5068.0,24405.0,2461.0,2550.0,29416.0,109331.0,4205.0,113536.0,36368.0,179320.0,35.38279400157853
104,MI0211,Mancelona Township Library,"Class 2: Serve 4,000-6,999",4968.0,5282.0,337.0,288.0,5907.0,34109.0,2609.0,36718.0,36602.0,79227.0,15.947463768115941
105,MI0216,Marcellus Township Wood Memorial Library,"Class 2: Serve 4,000-6,999",4101.0,8035.0,3630.0,2000.0,13665.0,99370.0,12768.0,112138.0,24221.0,150024.0,36.58229700073153
106,MI0217,Marlette District Library,"Class 2: Serve 4,000-6,999",5241.0,10855.0,1611.0,0.0,12466.0,52450.0,4854.0,57304.0,33581.0,103351.0,19.71970997901164
107,MI0221,Mayville District Public Library,"Class 2: Serve 4,000-6,999",5160.0,16017.0,4500.0,1575.0,22092.0,85499.0,6541.0,92040.0,38084.0,152216.0,29.49922480620155
108,MI0418,McBain Community Library,"Class 2: Serve 4,000-6,999",5841.0,11106.0,9219.0,2540.0,22865.0,67065.0,49474.0,116539.0,4396.0,143800.0,24.619072076699194
109,MI0225,Mendon Township Library,"Class 2: Serve 4,000-6,999",4730.0,8523.0,3291.0,0.0,11814.0,51293.0,3876.0,55169.0,8000.0,74983.0,15.852642706131078
110,MI0235,Moore Public Library,"Class 2: Serve 4,000-6,999",5072.0,15078.0,4795.0,4321.0,24194.0,96085.0,3538.0,99623.0,101947.0,225764.0,44.511829652996845
111,MI0236,Morton Township Public Library,"Class 2: Serve 4,000-6,999",6634.0,15754.0,3001.0,8627.0,27382.0,144372.0,38119.0,182491.0,93938.0,303811.0,45.79605064817606
112,MI0243,New Buffalo Township Public Library,"Class 2: Serve 4,000-6,999",5302.0,19493.0,4320.0,3662.0,27475.0,219249.0,12600.0,231849.0,138754.0,398078.0,75.08072425499812
113,MI0244,Newaygo Area District Library,"Class 2: Serve 4,000-6,999",6834.0,21105.0,5802.0,3160.0,30067.0,153915.0,12646.0,166561.0,161552.0,358180.0,52.41147205150717
114,MI0246,North Adams Community Memorial Library,"Class 2: Serve 4,000-6,999",4469.0,3340.0,625.0,2192.0,6157.0,18724.0,0.0,18724.0,38229.0,63110.0,14.121727455806669
115,MI0249,Nottawa Township Library,"Class 2: Serve 4,000-6,999",6174.0,22629.0,9436.0,2917.0,34982.0,116895.0,9479.0,126374.0,23799.0,185155.0,29.989471979267897
116,MI0260,Ovid Public Library,"Class 2: Serve 4,000-6,999",5305.0,6058.0,0.0,2201.0,8259.0,61482.0,21574.0,83056.0,26776.0,118091.0,22.26032045240339
117,MI0264,Pathfinder Community Library,"Class 2: Serve 4,000-6,999",6341.0,25100.0,6000.0,3000.0,34100.0,70000.0,14500.0,84500.0,97400.0,216000.0,34.06402775587447
118,MI0266,Peninsula Community Library,"Class 2: Serve 4,000-6,999",5433.0,13175.0,5390.0,0.0,18565.0,134638.0,19128.0,153766.0,68857.0,241188.0,44.39315295416897
119,MI0270,Pigeon District Library,"Class 2: Serve 4,000-6,999",6654.0,34320.0,6901.0,1617.0,42838.0,155136.0,14181.0,169317.0,56243.0,268398.0,40.33633904418395
120,MI0272,Pittsford Public Library,"Class 2: Serve 4,000-6,999",4105.0,7745.0,1227.0,0.0,8972.0,32171.0,2439.0,34610.0,32120.0,75702.0,18.441412911084043
121,MI0275,Port Austin Township Library,"Class 2: Serve 4,000-6,999",5033.0,20000.0,8300.0,1000.0,29300.0,44000.0,1200.0,45200.0,14100.0,88600.0,17.603814822173653
122,MI0028,Potterville-Benton Township District Library,"Class 2: Serve 4,000-6,999",5413.0,6027.0,0.0,2250.0,8277.0,43770.0,3906.0,47676.0,30400.0,86353.0,15.952891187881027
123,MI0280,Putnam District Library,"Class 2: Serve 4,000-6,999",6847.0,5325.0,956.0,548.0,6829.0,63651.0,0.0,63651.0,62668.0,133148.0,19.446180809113482
124,MI0281,Rauchholz Memorial Library,"Class 2: Serve 4,000-6,999",6240.0,12613.0,1160.0,1709.0,15482.0,73932.0,17040.0,90972.0,48318.0,154772.0,24.80320512820513
125,MI0283,Reading Community Library,"Class 2: Serve 4,000-6,999",5376.0,4164.0,787.0,992.0,5943.0,37684.0,2883.0,40567.0,28392.0,74902.0,13.93266369047619
126,MI0380,Reese Unity District Library,"Class 2: Serve 4,000-6,999",5523.0,23406.0,5192.0,1035.0,29633.0,88309.0,0.0,88309.0,106001.0,223943.0,40.5473474560927
127,MI0064,River Rapids District Library,"Class 2: Serve 4,000-6,999",4659.0,10254.0,3697.0,3923.0,17874.0,86787.0,0.0,86787.0,37592.0,142253.0,30.532946984331403
128,MI0125,Roscommon Area District Library,"Class 2: Serve 4,000-6,999",6295.0,22688.0,7579.0,12432.0,42699.0,140005.0,2000.0,142005.0,102309.0,287013.0,45.593804606830815
129,MI0323,Saint Ignace Public Library,"Class 2: Serve 4,000-6,999",4434.0,10700.0,2000.0,2600.0,15300.0,71000.0,3562.0,74562.0,55912.0,145774.0,32.87640956247181
130,MI0302,Sanilac District Library,"Class 2: Serve 4,000-6,999",4375.0,20144.0,3799.0,3317.0,27260.0,84379.0,18480.0,102859.0,37110.0,167229.0,38.22377142857143
131,MI0304,Saugatuck-Douglas District Library,"Class 2: Serve 4,000-6,999",5101.0,11901.0,3825.0,20787.0,36513.0,150727.0,17354.0,168081.0,37391.0,241985.0,47.4387375024505
132,MI9007,Sebewaing Township Library,"Class 2: Serve 4,000-6,999",4038.0,6644.0,2609.0,857.0,10110.0,52298.0,6865.0,59163.0,29183.0,98456.0,24.382367508667656
133,MI0432,Sherman Township Library,"Class 2: Serve 4,000-6,999",5635.0,5693.0,0.0,1374.0,7067.0,66451.0,5083.0,71534.0,16616.0,95217.0,16.89742679680568
134,MI0324,Stair District Library,"Class 2: Serve 4,000-6,999",4046.0,9897.0,3340.0,1460.0,14697.0,79671.0,12500.0,92171.0,43321.0,150189.0,37.12036579337617
135,MI0329,Suttons Bay-Bingham District Library,"Class 2: Serve 4,000-6,999",5479.0,16576.0,1575.0,2060.0,20211.0,99125.0,12236.0,111361.0,37378.0,168950.0,30.835918963314473
136,MI0332,Taymouth Township Library,"Class 2: Serve 4,000-6,999",6680.0,10750.0,3900.0,536.0,15186.0,48467.0,6350.0,54817.0,17050.0,87053.0,13.031886227544911
137,MI0110,Thomas E. Fleschner Memorial Library,"Class 2: Serve 4,000-6,999",6033.0,9337.0,360.0,3095.0,12792.0,66531.0,4829.0,71360.0,31570.0,115722.0,19.18150174042765
138,MI0339,Three Oaks Township Public Library,"Class 2: Serve 4,000-6,999",4576.0,10333.0,6909.0,3000.0,20242.0,65399.0,4990.0,70389.0,79726.0,170357.0,37.22836538461539
139,MI0344,Utica Public Library,"Class 2: Serve 4,000-6,999",4757.0,10970.0,4402.0,3752.0,19124.0,113068.0,52193.0,165261.0,31429.0,215814.0,45.36766869875972
140,MI0347,Vernon District Public Library,"Class 2: Serve 4,000-6,999",4614.0,4887.0,238.0,2010.0,7135.0,50613.0,242.0,50855.0,21670.0,79660.0,17.264846120502817
141,MI0353,Walled Lake City Library,"Class 2: Serve 4,000-6,999",6999.0,27533.0,8942.0,8099.0,44574.0,161509.0,25415.0,186924.0,113347.0,344845.0,49.270610087155305
142,MI0360,Watervliet District Library,"Class 2: Serve 4,000-6,999",4837.0,12260.0,800.0,4354.0,17414.0,115073.0,8625.0,123698.0,30712.0,171824.0,35.52284473847426
143,MI0367,White Pigeon Township Library,"Class 2: Serve 4,000-6,999",5240.0,8873.0,1021.0,4590.0,14484.0,125342.0,1015.0,126357.0,63326.0,204167.0,38.9631679389313
144,MI0372,Aitkin Memorial District Library,"Class 3: Serve 7,000-11,999",7410.0,27001.0,5326.0,7847.0,40174.0,109461.0,17675.0,127136.0,59834.0,227144.0,30.653711201079624
145,MI0407,Alanson Area Public Library,"Class 3: Serve 7,000-11,999",11600.0,7655.0,1042.0,1073.0,9770.0,69266.0,5806.0,75072.0,37662.0,122504.0,10.560689655172414
146,MI0408,Albion District Library,"Class 3: Serve 7,000-11,999",11569.0,26067.0,11202.0,3539.0,40808.0,308213.0,62331.0,370544.0,277654.0,689006.0,59.55622785028957
147,MI0409,Alcona County Library,"Class 3: Serve 7,000-11,999",9706.0,22684.0,6000.0,17025.0,45709.0,291332.0,94037.0,385369.0,37239.0,468317.0,48.25025757263548
148,MI0412,Alma Public Library,"Class 3: Serve 7,000-11,999",11902.0,33541.0,20405.0,9718.0,63664.0,226521.0,61658.0,288179.0,108490.0,460333.0,38.67694505125189
149,MI0010,Alvah N. Belding Memorial Library,"Class 3: Serve 7,000-11,999",11000.0,60121.0,7371.0,3755.0,71247.0,150424.0,19795.0,170219.0,67481.0,308947.0,28.08609090909091
150,MI0016,Augusta-Ross Township District Library,"Class 3: Serve 7,000-11,999",7172.0,13881.0,1780.0,4269.0,19930.0,126250.0,13295.0,139545.0,27382.0,186857.0,26.053680981595093
151,MI9026,Bath Township Public Library,"Class 3: Serve 7,000-11,999",11598.0,15300.0,10000.0,5300.0,30600.0,132161.0,29214.0,161375.0,17800.0,209775.0,18.087170201758923
152,MI0031,Berrien Springs Community Library,"Class 3: Serve 7,000-11,999",9197.0,20528.0,7397.0,6630.0,34555.0,177059.0,24865.0,201924.0,95910.0,332389.0,36.14102424703708
153,MI0036,Blair Memorial Library,"Class 3: Serve 7,000-11,999",11825.0,30399.0,4540.0,1769.0,36708.0,194568.0,103558.0,298126.0,107436.0,442270.0,37.40126849894292
154,MI0038,Boyne District Library,"Class 3: Serve 7,000-11,999",7226.0,36500.0,6700.0,7900.0,51100.0,272359.0,63260.0,335619.0,158652.0,545371.0,75.4734292831442
155,MI0045,Buchanan District Library,"Class 3: Serve 7,000-11,999",10090.0,31242.0,0.0,2000.0,33242.0,216240.0,47650.0,263890.0,97931.0,395063.0,39.15391476709613
156,MI0046,Bullard Sanford Memorial Library,"Class 3: Serve 7,000-11,999",9705.0,27749.0,3059.0,0.0,30808.0,139912.0,17737.0,157649.0,136800.0,325257.0,33.51437403400309
157,MI0050,Calumet Public School Library,"Class 3: Serve 7,000-11,999",8692.0,18145.0,2177.0,3871.0,24193.0,82437.0,17013.0,99450.0,11525.0,135168.0,15.55085135757018
158,MI0168,Caro Area District Library,"Class 3: Serve 7,000-11,999",11833.0,27834.0,10151.0,10705.0,48690.0,279418.0,53280.0,332698.0,149071.0,530459.0,44.8287839094059
159,MI0054,Carson City Public Library,"Class 3: Serve 7,000-11,999",10857.0,12395.0,1795.0,4709.0,18899.0,126118.0,10365.0,136483.0,54029.0,209411.0,19.2881090540665
160,MI0056,Cedar Springs Public Library,"Class 3: Serve 7,000-11,999",9483.0,13237.0,1672.0,1519.0,16428.0,101002.0,26529.0,127531.0,55850.0,199809.0,21.070230939576085
161,MI0057,Center Line Public Library,"Class 3: Serve 7,000-11,999",8257.0,27515.0,2805.0,3877.0,34197.0,123375.0,33783.0,157158.0,64061.0,255416.0,30.933268741673732
162,MI0060,Charlevoix Public Library,"Class 3: Serve 7,000-11,999",9810.0,34165.0,20452.0,12097.0,66714.0,484400.0,128003.0,612403.0,430365.0,1109482.0,113.09704383282364
163,MI0072,Coopersville Area District Library,"Class 3: Serve 7,000-11,999",11862.0,23860.0,9963.0,12890.0,46713.0,180775.0,24982.0,205757.0,136275.0,388745.0,32.772298094756366
164,MI0081,Delton District Library,"Class 3: Serve 7,000-11,999",10021.0,8627.0,5773.0,0.0,14400.0,98050.0,5065.0,103115.0,33013.0,150528.0,15.021255363736154
165,MI0086,Dorr Township Library,"Class 3: Serve 7,000-11,999",7439.0,9588.0,11445.0,23097.0,44130.0,96703.0,13906.0,110609.0,25318.0,180057.0,24.204462965452347
166,MI0095,Eau Claire District Library,"Class 3: Serve 7,000-11,999",7392.0,10498.0,1376.0,3653.0,15527.0,121288.0,17573.0,138861.0,65134.0,219522.0,29.69724025974026
167,MI9021,Ecorse Public Library,"Class 3: Serve 7,000-11,999",9512.0,15200.0,2500.0,0.0,17700.0,53184.0,17240.0,70424.0,157670.0,245794.0,25.840412111017663
168,MI0102,Evart Public Library,"Class 3: Serve 7,000-11,999",7717.0,11985.0,753.0,2975.0,15713.0,62937.0,1200.0,64137.0,57267.0,137117.0,17.76817416094337
169,MI0177,Frankenmuth James E. Wickson District Library,"Class 3: Serve 7,000-11,999",7824.0,20047.0,3364.0,11595.0,35006.0,191116.0,27743.0,218859.0,99101.0,352966.0,45.113241308793455
170,MI0119,Galesburg-Charleston Memorial District Library,"Class 3: Serve 7,000-11,999",9476.0,12902.0,2274.0,3500.0,18676.0,79365.0,0.0,79365.0,43113.0,141154.0,14.895947657239342
171,MI0162,Gary Byker Memorial Library of Hudsonville,"Class 3: Serve 7,000-11,999",10983.0,22986.0,2047.0,4948.0,29981.0,230600.0,42014.0,272614.0,124433.0,427028.0,38.88081580624602
172,MI0126,Gladstone School & Public Library,"Class 3: Serve 7,000-11,999",11239.0,14781.0,0.0,2003.0,16784.0,57586.0,19166.0,76752.0,14151.0,107687.0,9.58154640092535
173,MI0132,Grant Area District Library,"Class 3: Serve 7,000-11,999",8875.0,15397.0,4750.0,11008.0,31155.0,192807.0,14381.0,207188.0,134480.0,372823.0,42.008225352112674
174,MI0143,Hart Area Public Library,"Class 3: Serve 7,000-11,999",8133.0,25980.0,15371.0,7818.0,49169.0,141291.0,12649.0,153940.0,81940.0,285049.0,35.04844460838559
175,MI0148,Henika District Library,"Class 3: Serve 7,000-11,999",7135.0,17925.0,8404.0,2100.0,28429.0,167707.0,45595.0,213302.0,90705.0,332436.0,46.59229152067274
176,MI0232,Hillsdale Community Library,"Class 3: Serve 7,000-11,999",11870.0,12943.0,882.0,1500.0,15325.0,119223.0,51821.0,171044.0,79382.0,265751.0,22.388458298230834
177,MI0163,Huntington Woods Public Library,"Class 3: Serve 7,000-11,999",8764.0,18720.0,12223.0,27436.0,58379.0,205938.0,125349.0,331287.0,132849.0,522515.0,59.620607028753994
178,MI0186,Laingsburg Public Library,"Class 3: Serve 7,000-11,999",9555.0,4700.0,1500.0,2000.0,8200.0,47382.0,29249.0,76631.0,6790.0,91621.0,9.58880167451596
179,MI0184,L'Anse Area School-Public Library,"Class 3: Serve 7,000-11,999",9533.0,4168.0,501.0,1641.0,6310.0,14494.0,6557.0,21051.0,30241.0,57602.0,6.042379104164481
180,MI0196,Lenox Township Library,"Class 3: Serve 7,000-11,999",10470.0,10030.0,7448.0,4476.0,21954.0,195353.0,40935.0,236288.0,65219.0,323461.0,30.894078319006685
181,MI0290,Lois Wagner Memorial Library,"Class 3: Serve 7,000-11,999",11581.0,26000.0,300.0,2000.0,28300.0,195569.0,71731.0,267300.0,65763.0,361363.0,31.203091270183922
182,MI0212,Manchester District Library,"Class 3: Serve 7,000-11,999",7312.0,22455.0,7014.0,3930.0,33399.0,159923.0,10000.0,169923.0,135083.0,338405.0,46.28077133479212
183,MI0214,Manistique School & Public Library,"Class 3: Serve 7,000-11,999",8344.0,12168.0,5515.0,3550.0,21233.0,82357.0,59844.0,142201.0,3464.0,166898.0,20.00215723873442
184,MI9018,Melvindale Public Library,"Class 3: Serve 7,000-11,999",10715.0,12028.0,0.0,6833.0,18861.0,41200.0,0.0,41200.0,141876.0,201937.0,18.84619692020532
185,MI0230,Millington Arbela District Library,"Class 3: Serve 7,000-11,999",7424.0,20836.0,1409.0,1851.0,24096.0,94524.0,5068.0,99592.0,49899.0,173587.0,23.381869612068964
186,MI0234,Montmorency County Public Libraries,"Class 3: Serve 7,000-11,999",9765.0,12187.0,0.0,2000.0,14187.0,193390.0,52059.0,245449.0,76562.0,336198.0,34.428878648233486
187,MI0239,Munising School Public Library,"Class 3: Serve 7,000-11,999",9623.0,10937.0,660.0,6466.0,18063.0,69789.0,43997.0,113786.0,44052.0,175901.0,18.279226852332954
188,MI0241,Negaunee Public Library,"Class 3: Serve 7,000-11,999",7656.0,7520.0,1557.0,815.0,9892.0,48371.0,6762.0,55133.0,22671.0,87696.0,11.454545454545455
189,MI0379,Northfield Township Area Library,"Class 3: Serve 7,000-11,999",8354.0,11861.0,4629.0,13625.0,30115.0,241606.0,91028.0,332634.0,89509.0,452258.0,54.13670098156572
190,MI0257,Oscoda County Library,"Class 3: Serve 7,000-11,999",8640.0,14401.0,1047.0,4241.0,19689.0,126442.0,21045.0,147487.0,142324.0,309500.0,35.82175925925926
191,MI0263,Parchment Community Library,"Class 3: Serve 7,000-11,999",9969.0,24903.0,7071.0,15594.0,47568.0,309914.0,17925.0,327839.0,121749.0,497156.0,49.87019761259906
192,MI9012,Patmos Library,"Class 3: Serve 7,000-11,999",7034.0,18432.0,395.0,6061.0,24888.0,93694.0,5911.0,99605.0,69813.0,194306.0,27.623827125390957
193,MI0122,Pere Marquette District Library,"Class 3: Serve 7,000-11,999",8833.0,14200.0,3402.0,4600.0,22202.0,154426.0,25700.0,180126.0,223819.0,426147.0,48.24487716517604
194,MI0271,Pinckney Community Public Library,"Class 3: Serve 7,000-11,999",11503.0,21067.0,10105.0,27298.0,58470.0,288501.0,79048.0,367549.0,170454.0,596473.0,51.85369034165
195,MI0282,Rawson Memorial Library,"Class 3: Serve 7,000-11,999",8891.0,17994.0,1879.0,3025.0,22898.0,189155.0,15269.0,204424.0,96521.0,323843.0,36.42368687436734
196,MI0284,Reed City Area District Library,"Class 3: Serve 7,000-11,999",8543.0,15447.0,2357.0,1800.0,19604.0,77430.0,6587.0,84017.0,113434.0,217055.0,25.407351047641345
197,MI0288,Richland Community Library,"Class 3: Serve 7,000-11,999",7580.0,36931.0,9286.0,9375.0,55592.0,221974.0,25841.0,247815.0,118529.0,421936.0,55.66437994722955
198,MI9019,River Rouge Public Library,"Class 3: Serve 7,000-11,999",7903.0,4971.0,782.0,1000.0,6753.0,79926.0,57718.0,137644.0,99019.0,243416.0,30.800455523219032
199,MI0165,Ruth Hughes Memorial District Library,"Class 3: Serve 7,000-11,999",11480.0,13218.0,6976.0,9955.0,30149.0,253604.0,18012.0,271616.0,119336.0,421101.0,36.68127177700348
200,MI0320,Saint Charles District Library,"Class 3: Serve 7,000-11,999",7798.0,19841.0,5810.0,3448.0,29099.0,115137.0,8728.0,123865.0,60136.0,213100.0,27.32751987689151
201,MI0423,Salem Township Library,"Class 3: Serve 7,000-11,999",7357.0,18054.0,3072.0,2650.0,23776.0,97376.0,1219.0,98595.0,22998.0,145369.0,19.7592768791627
202,MI0301,Sandusky District Library,"Class 3: Serve 7,000-11,999",7103.0,40478.0,0.0,1225.0,41703.0,151095.0,14624.0,165719.0,110963.0,318385.0,44.824018020554696
203,MI0303,Saranac Public Library,"Class 3: Serve 7,000-11,999",10188.0,51373.0,3000.0,13000.0,67373.0,197770.0,7074.0,204844.0,183690.0,455907.0,44.74941107184924
204,MI0428,Schultz-Holmes Memorial Library,"Class 3: Serve 7,000-11,999",7272.0,19976.0,1802.0,5232.0,27010.0,131222.0,65374.0,196596.0,76005.0,299611.0,41.20063256325633
205,MI0309,Shelby Area District Library,"Class 3: Serve 7,000-11,999",11377.0,13992.0,1796.0,6304.0,22092.0,183480.0,34390.0,217870.0,55186.0,295148.0,25.942515601652456
206,MI0314,South Haven Memorial Library,"Class 3: Serve 7,000-11,999",8386.0,23066.0,386.0,2500.0,25952.0,206977.0,40821.0,247798.0,80259.0,354009.0,42.214285714285715
207,MI0317,Sparta Carnegie Township Library,"Class 3: Serve 7,000-11,999",9110.0,19524.0,6862.0,15622.0,42008.0,141607.0,11277.0,152884.0,36432.0,231324.0,25.39231613611416
208,MI0318,Spies Public Library,"Class 3: Serve 7,000-11,999",9645.0,37613.0,9022.0,5596.0,52231.0,223109.0,122702.0,345811.0,76641.0,474683.0,49.21544841886988
209,MI0328,Surrey Township Public Library,"Class 3: Serve 7,000-11,999",9301.0,15251.0,0.0,4598.0,19849.0,117389.0,9900.0,127289.0,99971.0,247109.0,26.56800344049027
210,MI0330,Tahquamenon Area Public Library,"Class 3: Serve 7,000-11,999",7851.0,10252.0,3639.0,5420.0,19311.0,107079.0,0.0,107079.0,27922.0,154312.0,19.65507578652401
211,MI0331,Tamarack District Library,"Class 3: Serve 7,000-11,999",10250.0,23748.0,4641.0,5564.0,33953.0,158111.0,5044.0,163155.0,128095.0,325203.0,31.727121951219512
212,MI0335,Theodore A. Cutler Memorial Library,"Class 3: Serve 7,000-11,999",10662.0,9162.0,2289.0,2775.0,14226.0,109314.0,19241.0,128555.0,39745.0,182526.0,17.119302194710187
213,MI0336,Thomas Township Library,"Class 3: Serve 7,000-11,999",11985.0,36356.0,5036.0,4733.0,46125.0,199178.0,33771.0,232949.0,80185.0,359259.0,29.975719649561952
214,MI0337,Thompson Home Public Library,"Class 3: Serve 7,000-11,999",8147.0,14637.0,2490.0,3412.0,20539.0,71203.0,7558.0,78761.0,48461.0,147761.0,18.136860193936418
215,MI0286,Timothy C. Hauenstein Reynolds Township Library,"Class 3: Serve 7,000-11,999",9714.0,17441.0,7715.0,2445.0,27601.0,145410.0,26625.0,172035.0,87481.0,287117.0,29.55703108914968
216,MI0354,Walton Erickson Public Library,"Class 3: Serve 7,000-11,999",9514.0,5014.0,412.0,1837.0,7263.0,38936.0,15760.0,54696.0,5921.0,67880.0,7.134748791254992
217,MI0363,West Branch District Library,"Class 3: Serve 7,000-11,999",9138.0,17191.0,3664.0,2353.0,23208.0,138126.0,55679.0,193805.0,91764.0,308777.0,33.79043554388269
218,MI0364,West Iron District Library,"Class 3: Serve 7,000-11,999",7370.0,29600.0,5870.0,3400.0,38870.0,243862.0,45007.0,288869.0,110116.0,437855.0,59.41044776119403
219,MI0091,White Cloud Community Library,"Class 3: Serve 7,000-11,999",8533.0,26563.0,6000.0,3695.0,36258.0,226983.0,13514.0,240497.0,60651.0,337406.0,39.54131020742998
220,MI0370,White Lake Community Library,"Class 3: Serve 7,000-11,999",11811.0,22715.0,2400.0,4743.0,29858.0,213097.0,33660.0,246757.0,107870.0,384485.0,32.55312843959021
221,MI0368,White Pine District Library,"Class 3: Serve 7,000-11,999",10014.0,13718.0,8558.0,2657.0,24933.0,121763.0,31883.0,153646.0,53340.0,231919.0,23.159476732574397
222,MI0406,Adrian District Library,"Class 4: Serve 12,000-25,999",21133.0,56944.0,11719.0,43897.0,112560.0,396749.0,120408.0,517157.0,207113.0,836830.0,39.59825864761274
223,MI0410,Allegan District Library,"Class 4: Serve 12,000-25,999",17401.0,22762.0,7868.0,13400.0,44030.0,350389.0,56265.0,406654.0,689499.0,1140183.0,65.52399287397276
224,MI0015,Auburn Hills Public Library,"Class 4: Serve 12,000-25,999",21412.0,64393.0,19798.0,18735.0,102926.0,521291.0,157585.0,678876.0,587328.0,1369130.0,63.942181954044464
225,MI0017,Bacon Memorial District Library,"Class 4: Serve 12,000-25,999",25883.0,55100.0,16000.0,25000.0,96100.0,394581.0,127224.0,521805.0,155377.0,773282.0,29.876057644013446
226,MI0027,Benton Harbor Public Library,"Class 4: Serve 12,000-25,999",24787.0,26155.0,4896.0,12390.0,43441.0,304479.0,34235.0,338714.0,148563.0,530718.0,21.411142937830313
227,MI0030,Berkley Public Library,"Class 4: Serve 12,000-25,999",14970.0,42893.0,9220.0,17520.0,69633.0,373233.0,104026.0,477259.0,79387.0,626279.0,41.83560454241817
228,MI0035,Big Rapids Community Library,"Class 4: Serve 12,000-25,999",20025.0,22958.0,8181.0,9590.0,40729.0,158819.0,27546.0,186365.0,70290.0,297384.0,14.85063670411985
229,MI0040,Brandon Township Public Library,"Class 4: Serve 12,000-25,999",15175.0,44411.0,14171.0,11999.0,70581.0,572983.0,66007.0,638990.0,264686.0,974257.0,64.20144975288304
230,MI0041,Bridgeport Public Library,"Class 4: Serve 12,000-25,999",12667.0,19528.0,2662.0,2480.0,24670.0,177625.0,77757.0,255382.0,118574.0,398626.0,31.4696455356438
231,MI0026,Briggs District Library,"Class 4: Serve 12,000-25,999",19336.0,22991.0,20824.0,7260.0,51075.0,252293.0,213856.0,466149.0,117205.0,634429.0,32.810767480347536
232,MI0059,Charles A. Ransom District Library,"Class 4: Serve 12,000-25,999",15068.0,39920.0,15998.0,12500.0,68418.0,288002.0,35359.0,323361.0,175881.0,567660.0,37.67321475975577
233,MI0061,Charlotte Community Library,"Class 4: Serve 12,000-25,999",24370.0,33025.0,8656.0,16518.0,58199.0,310870.0,138870.0,449740.0,148573.0,656512.0,26.93935166187936
234,MI0063,Cheboygan Area Public Library,"Class 4: Serve 12,000-25,999",13894.0,27852.0,6521.0,6686.0,41059.0,329156.0,149986.0,479142.0,141222.0,661423.0,47.60493738304304
235,MI0223,Chelsea District Library,"Class 4: Serve 12,000-25,999",15010.0,72049.0,26910.0,64731.0,163690.0,1042950.0,52658.0,1095608.0,687795.0,1947093.0,129.7197201865423
236,MI0067,Coloma Public Library,"Class 4: Serve 12,000-25,999",12982.0,13950.0,6010.0,7326.0,27286.0,191055.0,25789.0,216844.0,73539.0,317669.0,24.469958403943924
237,MI0070,Comstock Township Library,"Class 4: Serve 12,000-25,999",14854.0,62600.0,8425.0,8782.0,79807.0,382217.0,103396.0,485613.0,142567.0,707987.0,47.66305372290292
238,MI0074,Crawford County Library,"Class 4: Serve 12,000-25,999",14074.0,23494.0,850.0,0.0,24344.0,281220.0,143847.0,425067.0,134364.0,583775.0,41.47896831035953
239,MI0106,DeWitt District Library,"Class 4: Serve 12,000-25,999",20542.0,78407.0,0.0,22578.0,100985.0,425797.0,58531.0,484328.0,347632.0,932945.0,45.416463830201536
240,MI0084,Dexter District Library,"Class 4: Serve 12,000-25,999",19591.0,117162.0,21130.0,86804.0,225096.0,819606.0,87146.0,906752.0,343010.0,1474858.0,75.28242560359348
241,MI0087,Dowagiac District Library,"Class 4: Serve 12,000-25,999",13306.0,28282.0,7050.0,13823.0,49155.0,198752.0,18645.0,217397.0,122244.0,388796.0,29.219600180369756
242,MI0094,Eaton Rapids Area District Library,"Class 4: Serve 12,000-25,999",12670.0,11729.0,7277.0,14038.0,33044.0,191903.0,21149.0,213052.0,72898.0,318994.0,25.177111286503553
243,MI0101,Escanaba Public Library,"Class 4: Serve 12,000-25,999",25830.0,18910.0,1597.0,8769.0,29276.0,214559.0,239918.0,454477.0,103341.0,587094.0,22.729152148664344
244,MI0107,Fennville District Library,"Class 4: Serve 12,000-25,999",14230.0,26202.0,4236.0,4580.0,35018.0,223288.0,22200.0,245488.0,159711.0,440217.0,30.93583977512298
245,MI0108,Ferndale Area District Library,"Class 4: Serve 12,000-25,999",19900.0,87880.0,32837.0,52170.0,172887.0,739921.0,134548.0,874469.0,294342.0,1341698.0,67.42201005025126
246,MI0133,Flat River Community Library,"Class 4: Serve 12,000-25,999",17626.0,52712.0,13173.0,30939.0,96824.0,281192.0,38697.0,319889.0,303699.0,720412.0,40.87212073073868
247,MI0421,Flat Rock Public Library,"Class 4: Serve 12,000-25,999",17823.0,15487.0,3770.0,10332.0,29589.0,172123.0,12273.0,184396.0,104622.0,318607.0,17.87617123940975
248,MI0113,Fowlerville District Library,"Class 4: Serve 12,000-25,999",17068.0,43807.0,7615.0,38548.0,89970.0,340040.0,38839.0,378879.0,108900.0,577749.0,33.84983595031638
249,MI0116,Fraser Public Library,"Class 4: Serve 12,000-25,999",14480.0,21071.0,4280.0,7472.0,32823.0,292045.0,51074.0,343119.0,191204.0,567146.0,39.16754143646409
250,MI0118,Fremont Area District Library,"Class 4: Serve 12,000-25,999",13326.0,35324.0,6275.0,6663.0,48262.0,349303.0,99860.0,449163.0,200263.0,697688.0,52.35539546750713
251,MI9022,Fruitport District Library,"Class 4: Serve 12,000-25,999",13598.0,11126.0,-1.0,4624.0,15749.0,74239.0,9600.0,83839.0,19501.0,119089.0,8.757832034122664
252,MI0127,Gladwin County District Library,"Class 4: Serve 12,000-25,999",25692.0,48375.0,18226.0,6000.0,72601.0,264109.0,110419.0,374528.0,108895.0,556024.0,21.641911879184182
253,MI0130,Grand Ledge Area District Library,"Class 4: Serve 12,000-25,999",15959.0,34964.0,9153.0,61924.0,106041.0,359403.0,17674.0,377077.0,130574.0,613692.0,38.45428911585939
254,MI0137,Hamburg Township Library,"Class 4: Serve 12,000-25,999",21165.0,21330.0,7452.0,12648.0,41430.0,476786.0,108351.0,585137.0,144367.0,770934.0,36.424946846208364
255,MI0138,Hamtramck Public Library,"Class 4: Serve 12,000-25,999",22423.0,5128.0,29.0,0.0,5157.0,183136.0,50468.0,233604.0,99204.0,337965.0,15.072247246131205
256,MI0141,Harper Woods Public Library,"Class 4: Serve 12,000-25,999",14236.0,19310.0,5715.0,3920.0,28945.0,253595.0,70380.0,323975.0,78607.0,431527.0,30.312377072211294
257,MI0142,Harrison District Library,"Class 4: Serve 12,000-25,999",12920.0,19036.0,9200.0,1950.0,30186.0,120800.0,9000.0,129800.0,168858.0,328844.0,25.45232198142415
258,MI0435,Harrison Township Public Library,"Class 4: Serve 12,000-25,999",24587.0,34126.0,8773.0,20223.0,63122.0,189423.0,10159.0,199582.0,75097.0,337801.0,13.739008419083255
259,MI0145,Hastings Public Library,"Class 4: Serve 12,000-25,999",13233.0,17547.0,4405.0,12415.0,34367.0,242569.0,128880.0,371449.0,306084.0,711900.0,53.79732486964407
260,MI0146,Hazel Park Memorial District Library,"Class 4: Serve 12,000-25,999",16422.0,19488.0,1574.0,5626.0,26688.0,283771.0,98701.0,382472.0,270172.0,679332.0,41.36719035440263
261,MI0152,Highland Township Public Library,"Class 4: Serve 12,000-25,999",19202.0,50045.0,17439.0,30871.0,98355.0,541560.0,91463.0,633023.0,389144.0,1120522.0,58.354442245599415
262,MI0153,Holly Township Library,"Class 4: Serve 12,000-25,999",23088.0,17516.0,3781.0,7000.0,28297.0,242063.0,0.0,242063.0,54230.0,324590.0,14.058818433818434
263,MI0158,Houghton Lake Public Library,"Class 4: Serve 12,000-25,999",15322.0,32247.0,19422.0,12134.0,63803.0,272779.0,59981.0,332760.0,160837.0,557400.0,36.37906278553714
264,MI0378,Howard Miller Library,"Class 4: Serve 12,000-25,999",22115.0,48914.0,6668.0,42973.0,98555.0,359337.0,115437.0,474774.0,347661.0,920990.0,41.645489486773684
265,MI0136,Ionia Community Library,"Class 4: Serve 12,000-25,999",21638.0,39036.0,6850.0,6308.0,52194.0,362452.0,144769.0,507221.0,100040.0,659455.0,30.4767076439597
266,MI0173,Ishpeming Carnegie Public Library,"Class 4: Serve 12,000-25,999",13600.0,21345.0,4108.0,1200.0,26653.0,146097.0,128839.0,274936.0,41090.0,342679.0,25.196985294117646
267,MI0181,Kalkaska County Library,"Class 4: Serve 12,000-25,999",17153.0,22606.0,5828.0,5913.0,34347.0,177101.0,28731.0,205832.0,71151.0,311330.0,18.150177811461553
268,MI0431,Leanna Hicks Public Library of Inkster,"Class 4: Serve 12,000-25,999",25369.0,0.0,0.0,0.0,0.0,46418.0,0.0,46418.0,489526.0,535944.0,21.1259411092278
269,MI0198,Lincoln Township Public Library,"Class 4: Serve 12,000-25,999",22258.0,74986.0,24724.0,15521.0,115231.0,566283.0,67366.0,633649.0,149224.0,898104.0,40.34971695570132
270,MI0204,Lyon Township Public Library,"Class 4: Serve 12,000-25,999",14545.0,99336.0,23237.0,41968.0,164541.0,409518.0,117178.0,526696.0,222628.0,913865.0,62.83018219319354
271,MI0242,MacDonald Public Library,"Class 4: Serve 12,000-25,999",13452.0,23754.0,3373.0,5984.0,33111.0,247799.0,91897.0,339696.0,74823.0,447630.0,33.27609277430865
272,MI0213,Manistee County Library,"Class 4: Serve 12,000-25,999",22995.0,47723.0,19864.0,38417.0,106004.0,540477.0,232730.0,773207.0,232954.0,1112165.0,48.365514242226574
273,MI0218,Marshall District Library,"Class 4: Serve 12,000-25,999",14948.0,32782.0,10927.0,6286.0,49995.0,640195.0,164601.0,804796.0,156808.0,1011599.0,67.67453839978593
274,MI0220,Maud Preston Palenske Memorial Library,"Class 4: Serve 12,000-25,999",18393.0,38231.0,6258.0,6000.0,50489.0,382053.0,108468.0,490521.0,173265.0,714275.0,38.83406730821508
275,MI0226,Menominee County Library,"Class 4: Serve 12,000-25,999",14384.0,7576.0,300.0,500.0,8376.0,178893.0,79847.0,258740.0,30799.0,297915.0,20.711554505005562
276,MI0228,Milan Public Library,"Class 4: Serve 12,000-25,999",17511.0,22753.0,8773.0,1568.0,33094.0,235763.0,34105.0,269868.0,115153.0,418115.0,23.877277140083375
277,MI0229,Milford Public Library,"Class 4: Serve 12,000-25,999",15736.0,46786.0,14669.0,19191.0,80646.0,520485.0,104296.0,624781.0,335132.0,1040559.0,66.1260167768175
278,MI0231,Missaukee District Library,"Class 4: Serve 12,000-25,999",13097.0,17000.0,6073.0,6000.0,29073.0,98860.0,0.0,98860.0,86224.0,214157.0,16.351607238298847
279,MI0237,Mount Clemens Public Library,"Class 4: Serve 12,000-25,999",22857.0,20988.0,8243.0,19856.0,49087.0,576076.0,208767.0,784843.0,388243.0,1222173.0,53.470402940018374
280,MI0245,Niles District Library,"Class 4: Serve 12,000-25,999",24520.0,55537.0,17398.0,14178.0,87113.0,528909.0,139078.0,667987.0,400441.0,1155541.0,47.12646818923328
281,MI0253,Ogemaw District Library,"Class 4: Serve 12,000-25,999",12561.0,34100.0,0.0,2000.0,36100.0,124500.0,9524.0,134024.0,80260.0,250384.0,19.933444789427593
282,MI0258,Otsego County Library,"Class 4: Serve 12,000-25,999",24164.0,50427.0,7911.0,25434.0,83772.0,378056.0,96964.0,475020.0,123989.0,682781.0,28.256124813772555
283,MI0259,Otsego District Public Library,"Class 4: Serve 12,000-25,999",14230.0,46731.0,4243.0,34410.0,85384.0,286554.0,69253.0,355807.0,155507.0,596698.0,41.932396345748415
284,MI0262,Oxford Public Library,"Class 4: Serve 12,000-25,999",20526.0,73367.0,47606.0,14070.0,135043.0,665979.0,118267.0,784246.0,319739.0,1239028.0,60.363831238429306
285,MI0265,Paw Paw District Library,"Class 4: Serve 12,000-25,999",13579.0,40722.0,6373.0,14181.0,61276.0,458034.0,73246.0,531280.0,237575.0,830131.0,61.13344134325061
286,MI0269,Petoskey District Library,"Class 4: Serve 12,000-25,999",16709.0,58854.0,17982.0,25404.0,102240.0,554420.0,167377.0,721797.0,271105.0,1095142.0,65.54204321024598
287,MI0276,Portage Lake District Library,"Class 4: Serve 12,000-25,999",19629.0,60732.0,3072.0,13839.0,77643.0,338280.0,61432.0,399712.0,231479.0,708834.0,36.111569616383925
288,MI0278,Portland District Library,"Class 4: Serve 12,000-25,999",13912.0,27451.0,10743.0,18575.0,56769.0,221362.0,21801.0,243163.0,140490.0,440422.0,31.657705577918342
289,MI0279,Presque Isle District Library,"Class 4: Serve 12,000-25,999",14878.0,39603.0,4659.0,5060.0,49322.0,427950.0,54250.0,482200.0,201424.0,732946.0,49.263745127033204
290,MI0292,Riverview Veterans Memorial Library,"Class 4: Serve 12,000-25,999",12486.0,30385.0,10674.0,4838.0,45897.0,129200.0,29309.0,158509.0,116872.0,321278.0,25.73105878584014
291,MI0315,Salem-South Lyon District Library,"Class 4: Serve 12,000-25,999",16753.0,97140.0,22688.0,63935.0,183763.0,818530.0,144827.0,963357.0,311741.0,1458861.0,87.08058258222408
292,MI0355,Spring Lake District Library,"Class 4: Serve 12,000-25,999",18260.0,83081.0,2355.0,30074.0,115510.0,757059.0,215969.0,973028.0,499619.0,1588157.0,86.97464403066813
293,MI0319,Springfield Township Library,"Class 4: Serve 12,000-25,999",13940.0,46330.0,8650.0,12100.0,67080.0,382195.0,85578.0,467773.0,103780.0,638633.0,45.812984218077474
294,MI0326,Sturgis District Library,"Class 4: Serve 12,000-25,999",17937.0,31206.0,4064.0,4800.0,40070.0,292165.0,109563.0,401728.0,124527.0,566325.0,31.57300551931761
295,MI0333,Tecumseh District Library,"Class 4: Serve 12,000-25,999",18134.0,40301.0,8163.0,9790.0,58254.0,423537.0,85303.0,508840.0,180130.0,747224.0,41.205690967243854
296,MI0338,Thornapple Kellogg School and Community Library,"Class 4: Serve 12,000-25,999",15497.0,1951.0,0.0,2000.0,3951.0,87813.0,36935.0,124748.0,14986.0,143685.0,9.27179454087888
297,MI0340,Three Rivers Public Library,"Class 4: Serve 12,000-25,999",14253.0,25714.0,1791.0,3105.0,30610.0,209372.0,52994.0,262366.0,138917.0,431893.0,30.30190135410089
298,MI0349,Vicksburg District Library,"Class 4: Serve 12,000-25,999",12238.0,12411.0,3795.0,2000.0,18206.0,204730.0,34715.0,239445.0,76518.0,334169.0,27.305850629187777
299,MI0403,Wayne Public Library,"Class 4: Serve 12,000-25,999",17593.0,33466.0,7118.0,13473.0,54057.0,294230.0,85480.0,379710.0,205815.0,639582.0,36.35434547831524
300,MI0374,Wixom Public Library,"Class 4: Serve 12,000-25,999",13498.0,52542.0,18791.0,32617.0,103950.0,387359.0,100989.0,488348.0,312927.0,905225.0,67.06363905763817
301,MI9017,Allen Park Public Library,"Class 5: Serve 26,000-49,999",28210.0,33808.0,12269.0,17960.0,64037.0,320504.0,43403.0,363907.0,519908.0,947852.0,33.59985820630982
302,MI0411,Allendale Township Library,"Class 5: Serve 26,000-49,999",28283.0,39464.0,5324.0,16796.0,61584.0,209350.0,22139.0,231489.0,131385.0,424458.0,15.007531025704488
303,MI0414,Alpena County Library,"Class 5: Serve 26,000-49,999",29598.0,39734.65,2982.59,12593.77,55311.01,598960.06,171077.56,770037.62,464991.54,1290340.17,43.59551895398337
304,MI0019,Baldwin Public Library,"Class 5: Serve 26,000-49,999",35350.0,192922.0,87539.0,307240.0,587701.0,1694936.0,754820.0,2449756.0,564899.0,3602356.0,101.90540311173974
305,MI0430,Belleville Area District Library,"Class 5: Serve 26,000-49,999",42361.0,178203.0,38593.0,32706.0,249502.0,705933.0,219684.0,925617.0,341999.0,1517118.0,35.81402705318571
306,MI0037,Bloomfield Township Public Library,"Class 5: Serve 26,000-49,999",41070.0,424085.0,147633.0,169274.0,740992.0,2994185.0,1328412.0,4322597.0,1262800.0,6326389.0,154.0391770148527
307,MI0039,Branch District Library,"Class 5: Serve 26,000-49,999",46905.0,82542.0,15010.0,28413.0,125965.0,1005376.0,227988.0,1233364.0,611187.0,1970516.0,42.010787762498666
308,MI0043,Brighton District Library,"Class 5: Serve 26,000-49,999",43254.0,78827.0,22806.0,52213.0,153846.0,1090869.0,123042.0,1213911.0,457134.0,1824891.0,42.19010958524067
309,MI0049,Cadillac-Wexford County Public Library,"Class 5: Serve 26,000-49,999",35087.0,51513.0,12329.0,14967.0,78809.0,551023.0,152991.0,704014.0,168565.0,951388.0,27.11511385983413
310,MI0055,Cass District Library,"Class 5: Serve 26,000-49,999",38002.0,63746.0,17593.0,40625.0,121964.0,531873.0,107870.0,639743.0,281961.0,1043668.0,27.46350192095153
311,MI0416,Chesterfield Township Library,"Class 5: Serve 26,000-49,999",43381.0,76221.0,19345.0,50932.0,146498.0,589185.0,153284.0,742469.0,416857.0,1305824.0,30.101288582559185
312,MI0166,Clarkston Independence District Library,"Class 5: Serve 26,000-49,999",35563.0,157200.0,40025.0,60000.0,257225.0,939676.0,231078.0,1170754.0,350437.0,1778416.0,50.00747968394118
313,MI0426,Commerce Township Community Library,"Class 5: Serve 26,000-49,999",40186.0,193137.0,0.0,76282.0,269419.0,678717.0,232258.0,910975.0,290599.0,1470993.0,36.60461354700642
314,MI0310,Community District Library,"Class 5: Serve 26,000-49,999",28263.0,38795.0,12658.0,18812.0,70265.0,286028.0,14379.0,300407.0,173441.0,544113.0,19.251777942893536
315,MI0075,Cromaine District Library,"Class 5: Serve 26,000-49,999",26391.0,112989.0,32000.0,70200.0,215189.0,924568.0,316213.0,1240781.0,254962.0,1710932.0,64.8301314842181
316,MI9009,Delta Township District Library,"Class 5: Serve 26,000-49,999",32799.0,69110.0,7069.0,33625.0,109804.0,719253.0,214512.0,933765.0,724506.0,1768075.0,53.906369096618796
317,MI0085,Dickinson County Library,"Class 5: Serve 26,000-49,999",26168.0,82625.0,18674.0,6791.0,108090.0,478452.0,340042.0,818494.0,189129.0,1115713.0,42.63654081320697
318,MI0093,East Lansing Public Library,"Class 5: Serve 26,000-49,999",48579.0,140000.0,20000.0,183834.0,343834.0,830000.0,220000.0,1050000.0,787666.0,2181500.0,44.906235204512235
319,MI0092,Eastpointe Memorial Library,"Class 5: Serve 26,000-49,999",32442.0,39453.0,16275.0,8072.0,63800.0,420362.0,270032.0,690394.0,139360.0,893554.0,27.543123112015287
320,MI0121,Garden City Public Library,"Class 5: Serve 26,000-49,999",27692.0,33487.0,8091.0,15900.0,57478.0,226234.0,122449.0,348683.0,151451.0,557612.0,20.13621262458472
321,MI0124,Georgetown Township Public Library,"Class 5: Serve 26,000-49,999",46985.0,91123.0,33214.0,54181.0,178518.0,585820.0,159617.0,745437.0,256096.0,1180051.0,25.115483664999466
322,MI0135,Hackley Public Library,"Class 5: Serve 26,000-49,999",40898.0,65020.0,16619.0,19469.0,101108.0,917940.0,431787.0,1349727.0,300308.0,1751143.0,42.81732603061275
323,MI0171,Iosco-Arenac District Library,"Class 5: Serve 26,000-49,999",41786.0,130093.0,9383.0,21080.0,160556.0,317497.0,96957.0,414454.0,595009.0,1170019.0,28.000263246063273
324,MI0195,Lenawee District Library,"Class 5: Serve 26,000-49,999",40771.0,79209.0,11305.0,44294.0,134808.0,458525.0,116027.0,574552.0,198866.0,908226.0,22.27627480316892
325,MI9025,Lincoln Park Public Library,"Class 5: Serve 26,000-49,999",38144.0,35213.0,2431.0,8579.0,46223.0,159458.0,37276.0,196734.0,11041.0,253998.0,6.658924077181208
326,MI0201,Loutit District Library,"Class 5: Serve 26,000-49,999",35540.0,87192.0,21850.0,81226.0,190268.0,995874.0,316999.0,1312873.0,793629.0,2296770.0,64.62492965672482
327,MI0210,Madison Heights Public Library,"Class 5: Serve 26,000-49,999",29694.0,50168.0,3006.0,27133.0,80307.0,338768.0,222160.0,560928.0,46885.0,688120.0,23.173705125614603
328,MI0401,Mason County District Library,"Class 5: Serve 26,000-49,999",28646.0,66272.0,24519.0,37584.0,128375.0,578501.0,140429.0,718930.0,399389.0,1246694.0,43.52070097046708
329,MI0248,Northville District Library,"Class 5: Serve 26,000-49,999",34467.0,113319.0,51350.0,134850.0,299519.0,1347045.0,383011.0,1730056.0,757556.0,2787131.0,80.86375373545711
330,MI0251,Oak Park Public Library,"Class 5: Serve 26,000-49,999",29319.0,47850.0,7437.0,6389.0,61676.0,355350.0,243018.0,598368.0,178456.0,838500.0,28.599201882738157
331,MI0255,Orion Township Public Library,"Class 5: Serve 26,000-49,999",35394.0,106473.0,52526.0,94932.0,253931.0,1205269.0,312024.0,1517293.0,413713.0,2184937.0,61.73184720574108
332,MI0268,Peter White Public Library,"Class 5: Serve 26,000-49,999",36441.0,64737.0,20832.0,19405.0,104974.0,900753.0,435440.0,1336193.0,396403.0,1837570.0,50.42589391070498
333,MI0273,Plymouth District Library,"Class 5: Serve 26,000-49,999",36656.0,292762.0,65526.0,94776.0,453064.0,1771307.0,471485.0,2242792.0,1278636.0,3974492.0,108.42677869925797
334,MI0402,Redford Township District Library,"Class 5: Serve 26,000-49,999",48362.0,124201.0,35600.0,51569.0,211370.0,873318.0,325324.0,1198642.0,469390.0,1879402.0,38.861130639758485
335,MI0294,Romeo District Library,"Class 5: Serve 26,000-49,999",33839.0,89867.0,51849.0,124957.0,266673.0,920233.0,678476.0,1598709.0,321429.0,2186811.0,64.62398416028843
336,MI0433,Romulus Public Library,"Class 5: Serve 26,000-49,999",39868.0,38294.0,9433.0,15992.0,63719.0,234834.0,120450.0,355284.0,210042.0,629045.0,15.778193037022174
337,MI0295,Roseville Public Library,"Class 5: Serve 26,000-49,999",47299.0,56911.0,13279.0,15589.0,85779.0,662036.0,236536.0,898572.0,302655.0,1287006.0,27.210004439840166
338,MI0300,Saline District Library,"Class 5: Serve 26,000-49,999",26376.0,118475.0,43529.0,79914.0,241918.0,1030385.0,173974.0,1204359.0,448718.0,1894995.0,71.84542766151047
339,MI0261,Shiawassee District Library,"Class 5: Serve 26,000-49,999",27920.0,70792.0,12008.0,25103.0,107903.0,557293.0,92739.0,650032.0,67240.0,825175.0,29.554978510028654
340,MI0434,Southgate Veterans Memorial Library,"Class 5: Serve 26,000-49,999",30047.0,36519.0,17516.0,11904.0,65939.0,189075.0,87898.0,276973.0,242336.0,585248.0,19.47775152261457
341,MI0022,Superior District Library,"Class 5: Serve 26,000-49,999",43031.0,86492.0,11375.0,2850.0,100717.0,566827.0,136501.0,703328.0,313600.0,1117645.0,25.973019451093396
342,MI0345,Van Buren District Library,"Class 5: Serve 26,000-49,999",44265.0,140399.0,44578.0,48646.0,233623.0,1079114.0,362164.0,1441278.0,372890.0,2047791.0,46.262080650626906
343,MI0366,White Lake Township Library,"Class 5: Serve 26,000-49,999",30019.0,103996.0,44276.0,14634.0,162906.0,587098.0,114854.0,701952.0,261555.0,1126413.0,37.523335221026684
344,MI0012,Ann Arbor District Library,"Class 6: Serve 50,000+",163590.0,805358.0,582793.0,268843.0,1656994.0,7971783.0,2517594.0,10489377.0,3625533.0,15771904.0,96.4111742771563
345,MI0021,Bay County Library System,"Class 6: Serve 50,000+",107681.0,373763.0,54876.0,217633.0,646272.0,2430364.0,879490.0,3309854.0,1085166.0,5041292.0,46.816912918713605
346,MI0052,Canton Public Library,"Class 6: Serve 50,000+",90173.0,365914.0,128882.0,348090.0,842886.0,2713010.0,537137.0,3250147.0,1846246.0,5939279.0,65.86538098987502
347,MI0424,Capital Area District Libraries,"Class 6: Serve 50,000+",238859.0,636251.0,279247.0,769404.0,1684902.0,5867572.0,1683764.0,7551336.0,2851190.0,12087428.0,50.604867306653716
348,MI0348,Chippewa River District Library System,"Class 6: Serve 50,000+",51640.0,147481.0,22604.0,59930.0,230015.0,1185499.0,393866.0,1579365.0,514912.0,2324292.0,45.00952749806352
349,MI0397,Clinton-Macomb Public Library,"Class 6: Serve 50,000+",169833.0,405300.0,273600.0,294942.0,973842.0,2765696.0,577637.0,3343333.0,1946008.0,6263183.0,36.87848062508464
350,MI0425,Dearborn Heights City Libraries,"Class 6: Serve 50,000+",57774.0,121915.0,30478.0,29425.0,181818.0,878127.0,288661.0,1166788.0,510999.0,1859605.0,32.187575726105166
351,MI0078,Dearborn Public Library,"Class 6: Serve 50,000+",98153.0,224500.0,103312.0,172188.0,500000.0,2611223.0,1220571.0,3831794.0,3477725.0,7809519.0,79.56475095004737
352,MI0083,Detroit Public Library,"Class 6: Serve 50,000+",713777.0,531423.0,289394.0,258817.0,1079634.0,13008287.0,7012584.0,20020871.0,12210851.0,33311356.0,46.669136158772275
353,MI0105,Farmington Community Library,"Class 6: Serve 50,000+",90112.0,228682.0,132914.0,161036.0,522632.0,2600186.0,1125036.0,3725222.0,1271794.0,5519648.0,61.25319602272727
354,MI0111,Flint Public Library,"Class 6: Serve 50,000+",102434.0,34839.0,19477.0,218892.0,273208.0,1657548.0,577810.0,2235358.0,992986.0,3501552.0,34.18349376183689
355,MI0123,Genesee District Library,"Class 6: Serve 50,000+",332567.0,788749.0,887618.0,21300.0,1697667.0,3447349.0,4018719.0,7466068.0,1392787.0,10556522.0,31.74254210429778
356,MI0129,Grace A. Dow Memorial Library,"Class 6: Serve 50,000+",76707.0,146071.0,41231.0,123041.0,310343.0,1429439.0,1036277.0,2465716.0,543757.0,3319816.0,43.27917921441329
357,MI0131,Grand Rapids Public Library,"Class 6: Serve 50,000+",188040.0,481267.0,130098.0,796689.0,1408054.0,5158485.0,1663084.0,6821569.0,3106398.0,11336021.0,60.28515741331631
358,MI0134,Grosse Pointe Public Library,"Class 6: Serve 50,000+",51133.0,257635.0,152942.0,199529.0,610106.0,2274793.0,787893.0,3062686.0,1296122.0,4968914.0,97.17626581659593
359,MI0150,Herrick District Library,"Class 6: Serve 50,000+",102423.0,179809.0,53016.0,461174.0,693999.0,2426668.0,999673.0,3426341.0,882469.0,5002809.0,48.84458568876131
360,MI0160,Howell Carnegie District Library,"Class 6: Serve 50,000+",52529.0,109476.0,54359.0,147394.0,311229.0,1006185.0,284800.0,1290985.0,545899.0,2148113.0,40.89384911191913
361,MI0175,Jackson District Library,"Class 6: Serve 50,000+",160248.0,366514.0,190822.0,532262.0,1089598.0,3898643.0,1281905.0,5180548.0,1678051.0,7948197.0,49.59935225400629
362,MI0180,Kalamazoo Public Library,"Class 6: Serve 50,000+",123979.0,556308.0,406644.0,184913.0,1147865.0,5621140.0,2618784.0,8239924.0,2390601.0,11778390.0,95.00310536461821
363,MI0182,Kent District Library,"Class 6: Serve 50,000+",395660.0,1203235.0,884032.0,1611377.0,3698644.0,11751783.0,3727249.0,15479032.0,4406979.0,23584655.0,59.608388515392
364,MI0190,Lapeer District Library,"Class 6: Serve 50,000+",60006.0,112764.0,48982.0,28397.0,190143.0,765264.0,344328.0,1109592.0,628321.0,1928056.0,32.13105356131054
365,MI0200,Livonia Public Library,"Class 6: Serve 50,000+",96942.0,214662.0,42000.0,58611.0,315273.0,1590032.0,656039.0,2246071.0,498525.0,3059869.0,31.563914505580655
366,MI0233,Monroe County Library System,"Class 6: Serve 50,000+",149955.0,401131.0,178614.0,205978.0,785723.0,4279852.0,1423973.0,5703825.0,1436143.0,7925691.0,52.85379613884165
367,MI0240,Muskegon Area District Library,"Class 6: Serve 50,000+",105852.0,240639.0,0.0,191744.0,432383.0,1660188.0,667607.0,2327795.0,1994101.0,4754279.0,44.9143993500359
368,MI0250,Novi Public Library,"Class 6: Serve 50,000+",55374.0,197160.0,142547.0,54193.0,393900.0,1594572.0,364822.0,1959394.0,654586.0,3007880.0,54.31935565427818
369,MI0274,Pontiac Public Library,"Class 6: Serve 50,000+",59515.0,23906.0,15637.0,31960.0,71503.0,432534.0,79901.0,512435.0,416728.0,1000666.0,16.813677224229185
370,MI0277,Portage District Library,"Class 6: Serve 50,000+",52170.0,273296.0,79791.0,199264.0,552351.0,1352304.0,475223.0,1827527.0,843683.0,3223561.0,61.78955338317041
371,MI0299,Public Libraries of Saginaw,"Class 6: Serve 50,000+",124690.0,204562.0,28001.0,154528.0,387091.0,1820379.0,550410.0,2370789.0,2453146.0,5211026.0,41.791851792445264
372,MI0293,Rochester Hills Public Library,"Class 6: Serve 50,000+",100485.0,315682.0,117472.0,239658.0,672812.0,2561760.0,591609.0,3153369.0,720321.0,4546502.0,45.24557894213066
373,MI0296,Royal Oak Public Library,"Class 6: Serve 50,000+",57236.0,102880.0,129560.0,112030.0,344470.0,996910.0,285830.0,1282740.0,406920.0,2034130.0,35.53934586623803
374,MI0321,Saint Clair County Library System,"Class 6: Serve 50,000+",160312.0,265015.0,91293.0,166068.0,522376.0,2562124.0,734838.0,3296962.0,874444.0,4693782.0,29.279043365437396
375,MI0322,Saint Clair Shores Public Library,"Class 6: Serve 50,000+",59715.0,91329.0,17507.0,21382.0,130218.0,642096.0,400559.0,1042655.0,307970.0,1480843.0,24.798509587205896
376,MI0308,Shelby Township Library,"Class 6: Serve 50,000+",73804.0,121725.0,17279.0,26083.0,165087.0,668738.0,111308.0,780046.0,177238.0,1122371.0,15.207454880494282
377,MI0316,Southfield Public Library,"Class 6: Serve 50,000+",75814.0,170450.0,80650.0,29250.0,280350.0,2044341.0,1160957.0,3205298.0,1418794.0,4904442.0,64.69045295064237
378,MI0325,Sterling Heights Public Library,"Class 6: Serve 50,000+",129699.0,189774.0,43861.0,27822.0,261457.0,1482106.0,809810.0,2291916.0,263181.0,2816554.0,21.716081080039167
379,MI9024,Taylor Community Library,"Class 6: Serve 50,000+",63131.0,78827.0,16091.0,30620.0,125538.0,497354.0,136527.0,633881.0,354700.0,1114119.0,17.647732492753164
380,MI0342,Traverse Area District Library,"Class 6: Serve 50,000+",97396.0,273408.0,219580.0,135001.0,627989.0,2302685.0,963170.0,3265855.0,1383173.0,5277017.0,54.18104439607376
381,MI9020,Trenton Veteran's Memorial Library,"Class 6: Serve 50,000+",72726.0,64345.0,5400.0,23740.0,93485.0,347243.0,106224.0,453467.0,262902.0,809854.0,11.135687374529054
382,MI0343,Troy Public Library,"Class 6: Serve 50,000+",80980.0,280500.0,113900.0,200600.0,595000.0,1521982.0,586797.0,2108779.0,1600558.0,4304337.0,53.15308718202025
383,MI0356,Warren Public Library,"Class 6: Serve 50,000+",134056.0,251644.0,55379.0,43437.0,350460.0,1291986.0,1178342.0,2470328.0,1076146.0,3896934.0,29.069448588649518
384,MI0358,Waterford Township Public Library,"Class 6: Serve 50,000+",71997.0,91386.0,14103.0,62660.0,168149.0,1096667.0,548594.0,1645261.0,156833.0,1970243.0,27.365626345542175
385,MI0362,West Bloomfield Township Public Library,"Class 6: Serve 50,000+",71755.0,468336.0,241247.0,586894.0,1296477.0,1860195.0,421689.0,2281884.0,1391696.0,4970057.0,69.26426033029057
386,MI0371,Willard Public Library,"Class 6: Serve 50,000+",89779.0,465328.0,120571.0,270003.0,855902.0,2287719.0,860821.0,3148540.0,1212323.0,5216765.0,58.106739883491684
387,MI0415,William P. Faust Public Library of Westland,"Class 6: Serve 50,000+",84094.0,107505.0,30552.0,85784.0,223841.0,1229162.0,498634.0,1727796.0,609887.0,2561524.0,30.46024686660166
388,MI0377,Ypsilanti District Library,"Class 6: Serve 50,000+",82974.0,118205.0,71940.0,257005.0,447150.0,2020943.0,666055.0,2686998.0,1193339.0,4327487.0,52.154735218261145
389,,Total Libraries Reporting (N),389,,,,,,,,,,,
390,,,Total,9842571.0,23372608.65,9289298.59,14447668.77,47109576.01,201764723.06,69257342.56,271022065.62,114112214.91,432243856.54,
391,,,Average,25302.23907455013,60083.82686375321,23879.94496143959,37140.536683804625,121104.30850899742,518675.3806169666,178039.44102827765,696714.8216452443,293347.5961696658,1111166.7263239075,37.628748246804946
392,,,,,,,,,,,,,,
393,,,,,,,,,,,,,,
394,End of worksheet,,,,,,,,,,,,,
